{
    "status": {
        "httpStatusCode": 206,
        "displayMessage": "The request was successful but some IDs did not return data. Please check your filters and try again or check the ErrorMessage for the list of IDs.",
        "errorMessage": "4268703,4267182"
    },
    "claims": [
        {
            "referralID": 4266981,
            "polarisOrderID": 30450,
            "polarisOrderItemID": 34558,
            "referralStatusID": 3,
            "referralStatus": "Evaluations Completed",
            "serviceTypeID": 1,
            "serviceType": "Physical Therapy",
            "patientNameFirst": "CRISTOBAL",
            "patientNameLast": "GARCIA",
            "claimNumber": "C877C7908307",
            "dateOfInjury": "2018-07-28T00:00:00",
            "injuryState": "CA",
            "patientSex": "M",
            "patientHeightFeet": 0,
            "patientHeightInches": 0,
            "patientWeightPounds": 0,
            "patientBirthDate": "1973-06-18T00:00:00",
            "patientAddress": "55 VILLA ST  #V",
            "patientCity": "SALINAS",
            "patientState": "CA",
            "patientZip5": "93901",
            "patientPhoneHome": "(831) 998-6709",
            "patientPhoneWork": "",
            "patientPhoneCell": "",
            "patientEmail": "",
            "languageID": 2,
            "languageDesc": "Spanish",
            "referredByID": 1,
            "referredBy": "Adjuster",
            "submitterType": "Adjuster",
            "submitterFirstName": "JESSICA",
            "submitterLastName": "LABADIE",
            "bodyPartID": 7,
            "bodyPart": "KNEE",
            "bodyPartSideID": 2,
            "bodyPartSide": "Right",
            "icD101": "S83.91XD",
            "icD102": "",
            "icD103": "",
            "icD104": "",
            "icD105": "",
            "icD106": "",
            "icD107": "",
            "icD108": "",
            "icD109": "",
            "icD1010": "",
            "icD1011": "",
            "icD1012": "",
            "adjusterFirstName": "Claire",
            "adjusterLastName": "Deleon",
            "adjusterPhone": "",
            "adjusterExt": "",
            "adjusterFax": "(800) 336-0570",
            "adjusterEmail": "CLAIRE.DELEON@ESIS.COM",
            "adjusterBranchID": 103265,
            "adjusterBranchName": "Esis",
            "adjusterBranchAddress1": "12909 SW 68th Pkwy",
            "adjusterBranchAddress2": "Ste 200",
            "adjusterBranchCity": "Portland",
            "adjusterBranchState": "OR",
            "adjusterBranchZip": "97223-8386",
            "adjusterCompany": "Esis",
            "providerID": 56028,
            "providerName": "Workwell Medical Group",
            "providerPhone": "(831) 422-3701",
            "providerExt": "",
            "providerFax": "(831) 422-3751",
            "providerEmail": null,
            "providerAddress": "836 South Main Street",
            "providerCity": "Salinas",
            "providerState": "CA",
            "providerZip": "93901",
            "contractTypeGroup": "Contracted",
            "rxHeaders": [
                {
                    "rxHeaderID": 5638309,
                    "frequency": "Frequency=3 Duration=3",
                    "rxNote": "",
                    "rxDate": "2018-08-09T00:00:00",
                    "createdBy": "Jessica Spears",
                    "rxDetails": [
                        {
                            "rxDetailID": 7166824,
                            "authorizationDate": "2018-08-09T00:00:00",
                            "expirationDate": null,
                            "visitsAuthorized": 9,
                            "authorizationNote": ""
                        }
                    ]
                },
                {
                    "rxHeaderID": 5811421,
                    "frequency": "3x3",
                    "rxNote": "",
                    "rxDate": "2018-10-05T00:00:00",
                    "createdBy": "Nicholas Owen",
                    "rxDetails": [
                        {
                            "rxDetailID": 7419822,
                            "authorizationDate": "2018-10-05T00:00:00",
                            "expirationDate": null,
                            "visitsAuthorized": 9,
                            "authorizationNote": ""
                        }
                    ]
                }
            ],
            "serviceDateTimes": []
        }
    ]
}