{
    "status": {
        "httpStatusCode": 206,
        "displayMessage": "The request was successful but some IDs did not return data. Check the ErrorMessage for the list of IDs.",
        "errorMessage": "4533344,4533343,5123489,5789351,6248314"
    },
    "claimDocuments": [
        {
            "polarisOrderID": 30551,
            "referral_ID": 4268703,
            "claimDocumentsList": [
                {
                    "referralFile_ID": 50876516,
                    "fileLocation": "\\\\align.local\\app\\ReferralFiles\\2018\\08\\09\\4268703\\reauth_uid26591_08102018-0717230744.pdf",
                    "fileName": "reauth_uid26591_08102018-0717230744.pdf",
                    "createdDate": "2018-08-10T07:17:23.577",
                    "dateOnDocument": "2018-08-09T00:00:00",
                    "referralFileTypeID": 9,
                    "referralFileType": "ReAuth File"
                },
                {
                    "referralFile_ID": 50876518,
                    "fileLocation": "\\\\align.local\\app\\ReferralFiles\\2018\\08\\09\\4268703\\rx_uid26591_08102018-0718140167.pdf",
                    "fileName": "rx_uid26591_08102018-0718140167.pdf",
                    "createdDate": "2018-08-10T07:18:13.98",
                    "dateOnDocument": "2018-07-30T00:00:00",
                    "referralFileTypeID": 7,
                    "referralFileType": "RX File"
                },
                {
                    "referralFile_ID": 51285628,
                    "fileLocation": "\\\\align.local\\app\\ReferralFiles\\2018\\08\\09\\4268703\\eval_uid0001_08272018-0624130033.pdf",
                    "fileName": "eval_uid0001_08272018-0624130033.pdf",
                    "createdDate": "2018-08-27T06:24:13.137",
                    "dateOnDocument": "0001-01-01T00:00:00",
                    "referralFileTypeID": 2,
                    "referralFileType": "Eval File"
                },
                {
                    "referralFile_ID": 51426169,
                    "fileLocation": "\\\\align.local\\app\\ReferralFiles\\2018\\08\\09\\4268703\\duplicatereauth_uid26577_08302018-2336550368.pdf",
                    "fileName": "duplicatereauth_uid26577_08302018-2336550368.pdf",
                    "createdDate": "2018-08-30T23:36:55.477",
                    "dateOnDocument": "2018-08-09T00:00:00",
                    "referralFileTypeID": 39,
                    "referralFileType": "Duplicate ReAuth File"
                },
                {
                    "referralFile_ID": 51472358,
                    "fileLocation": "\\\\align.local\\app\\ReferralFiles\\2018\\08\\09\\4268703\\visit_uid0001_09042018-0629300790.pdf",
                    "fileName": "visit_uid0001_09042018-0629300790.pdf",
                    "createdDate": "2018-09-04T06:29:30.7",
                    "dateOnDocument": "0001-01-01T00:00:00",
                    "referralFileTypeID": 1,
                    "referralFileType": "Visit File"
                },
                {
                    "referralFile_ID": 51472359,
                    "fileLocation": "\\\\align.local\\app\\ReferralFiles\\2018\\08\\09\\4268703\\visit_uid0001_09042018-0629300872.pdf",
                    "fileName": "visit_uid0001_09042018-0629300872.pdf",
                    "createdDate": "2018-09-04T06:29:30.777",
                    "dateOnDocument": "0001-01-01T00:00:00",
                    "referralFileTypeID": 1,
                    "referralFileType": "Visit File"
                },
                {
                    "referralFile_ID": 51472360,
                    "fileLocation": "\\\\align.local\\app\\ReferralFiles\\2018\\08\\09\\4268703\\visit_uid0001_09042018-0629300938.pdf",
                    "fileName": "visit_uid0001_09042018-0629300938.pdf",
                    "createdDate": "2018-09-04T06:29:30.84",
                    "dateOnDocument": "0001-01-01T00:00:00",
                    "referralFileTypeID": 1,
                    "referralFileType": "Visit File"
                },
                {
                    "referralFile_ID": 51631070,
                    "fileLocation": "\\\\align.local\\app\\ReferralFiles\\2018\\08\\09\\4268703\\visit_uid0001_09102018-0624440862.pdf",
                    "fileName": "visit_uid0001_09102018-0624440862.pdf",
                    "createdDate": "2018-09-10T06:24:44.993",
                    "dateOnDocument": "0001-01-01T00:00:00",
                    "referralFileTypeID": 1,
                    "referralFileType": "Visit File"
                },
                {
                    "referralFile_ID": 51714221,
                    "fileLocation": "\\\\align.local\\app\\ReferralFiles\\2018\\08\\09\\4268703\\visit_uid0001_09122018-0620560676.pdf",
                    "fileName": "visit_uid0001_09122018-0620560676.pdf",
                    "createdDate": "2018-09-12T06:20:56.903",
                    "dateOnDocument": "0001-01-01T00:00:00",
                    "referralFileTypeID": 1,
                    "referralFileType": "Visit File"
                },
                {
                    "referralFile_ID": 51751998,
                    "fileLocation": "\\\\align.local\\app\\ReferralFiles\\2018\\08\\09\\4268703\\visit_uid0001_09132018-0620160080.pdf",
                    "fileName": "visit_uid0001_09132018-0620160080.pdf",
                    "createdDate": "2018-09-13T06:20:15.92",
                    "dateOnDocument": "0001-01-01T00:00:00",
                    "referralFileTypeID": 1,
                    "referralFileType": "Visit File"
                },
                {
                    "referralFile_ID": 52175761,
                    "fileLocation": "\\\\align.local\\app\\ReferralFiles\\2018\\08\\09\\4268703\\visit_uid0001_09282018-0622450898.pdf",
                    "fileName": "visit_uid0001_09282018-0622450898.pdf",
                    "createdDate": "2018-09-28T06:22:46.08",
                    "dateOnDocument": "0001-01-01T00:00:00",
                    "referralFileTypeID": 1,
                    "referralFileType": "Visit File"
                },
                {
                    "referralFile_ID": 52215640,
                    "fileLocation": "\\\\align.local\\app\\ReferralFiles\\2018\\08\\09\\4268703\\visit_uid0001_10012018-0622330118.pdf",
                    "fileName": "visit_uid0001_10012018-0622330118.pdf",
                    "createdDate": "2018-10-01T06:22:33.54",
                    "dateOnDocument": "0001-01-01T00:00:00",
                    "referralFileTypeID": 1,
                    "referralFileType": "Visit File"
                },
                {
                    "referralFile_ID": 52400212,
                    "fileLocation": "\\\\align.local\\app\\ReferralFiles\\2018\\08\\09\\4268703\\visit_uid0001_10082018-0625450830.pdf",
                    "fileName": "visit_uid0001_10082018-0625450830.pdf",
                    "createdDate": "2018-10-08T06:25:46.21",
                    "dateOnDocument": "0001-01-01T00:00:00",
                    "referralFileTypeID": 1,
                    "referralFileType": "Visit File"
                },
                {
                    "referralFile_ID": 52472895,
                    "fileLocation": "\\\\align.local\\app\\ReferralFiles\\2018\\08\\09\\4268703\\visit_uid0001_10102018-0619340045.pdf",
                    "fileName": "visit_uid0001_10102018-0619340045.pdf",
                    "createdDate": "2018-10-10T06:19:34.597",
                    "dateOnDocument": "0001-01-01T00:00:00",
                    "referralFileTypeID": 1,
                    "referralFileType": "Visit File"
                },
                {
                    "referralFile_ID": 52510540,
                    "fileLocation": "\\\\align.local\\app\\ReferralFiles\\2018\\08\\09\\4268703\\visit_uid0001_10112018-0619230192.pdf",
                    "fileName": "visit_uid0001_10112018-0619230192.pdf",
                    "createdDate": "2018-10-11T06:19:23.527",
                    "dateOnDocument": "0001-01-01T00:00:00",
                    "referralFileTypeID": 1,
                    "referralFileType": "Visit File"
                },
                {
                    "referralFile_ID": 50876489,
                    "fileLocation": "\\\\align.local\\app\\ReferralFiles\\2018\\08\\09\\4268703\\rx_uid26591_08102018-0711250140.pdf",
                    "fileName": "rx_uid26591_08102018-0711250140.pdf",
                    "createdDate": "2018-08-10T07:11:24.96",
                    "dateOnDocument": "2018-07-30T00:00:00",
                    "referralFileTypeID": 7,
                    "referralFileType": "RX File"
                }
            ]
        },
        {
            "polarisOrderID": 30450,
            "referral_ID": 4266981,
            "claimDocumentsList": [
                {
                    "referralFile_ID": 50854881,
                    "fileLocation": "\\\\align.local\\app\\ReferralFiles\\2018\\08\\09\\4266981\\newrx_uid4302_08092018-1605070790.pdf",
                    "fileName": "newrx_uid4302_08092018-1605070790.pdf",
                    "createdDate": "2018-08-09T16:05:07.407",
                    "dateOnDocument": "2018-08-06T00:00:00",
                    "referralFileTypeID": 8,
                    "referralFileType": "New RX File"
                },
                {
                    "referralFile_ID": 50900846,
                    "fileLocation": "\\\\align.local\\app\\ReferralFiles\\2018\\08\\09\\4266981\\rx_uid26608_08102018-2011110594.pdf",
                    "fileName": "rx_uid26608_08102018-2011110594.pdf",
                    "createdDate": "2018-08-10T20:11:11.627",
                    "dateOnDocument": "2018-07-31T00:00:00",
                    "referralFileTypeID": 7,
                    "referralFileType": "RX File"
                },
                {
                    "referralFile_ID": 51426082,
                    "fileLocation": "\\\\align.local\\app\\ReferralFiles\\2018\\08\\09\\4266981\\misc.clinical_uid26577_08302018-2258370708.pdf",
                    "fileName": "misc.clinical_uid26577_08302018-2258370708.pdf",
                    "createdDate": "2018-08-30T22:58:37.82",
                    "dateOnDocument": "2018-08-09T00:00:00",
                    "referralFileTypeID": 22,
                    "referralFileType": "Misc. Clinical File"
                },
                {
                    "referralFile_ID": 51426085,
                    "fileLocation": "\\\\align.local\\app\\ReferralFiles\\2018\\08\\09\\4266981\\mdnotes_uid26577_08302018-2300170412.pdf",
                    "fileName": "mdnotes_uid26577_08302018-2300170412.pdf",
                    "createdDate": "2018-08-30T23:00:17.72",
                    "dateOnDocument": "2018-08-06T00:00:00",
                    "referralFileTypeID": 11,
                    "referralFileType": "MD Notes File"
                },
                {
                    "referralFile_ID": 51426088,
                    "fileLocation": "\\\\align.local\\app\\ReferralFiles\\2018\\08\\09\\4266981\\rx_uid26577_08302018-2301180225.pdf",
                    "fileName": "rx_uid26577_08302018-2301180225.pdf",
                    "createdDate": "2018-08-30T23:01:18.353",
                    "dateOnDocument": "2018-08-06T00:00:00",
                    "referralFileTypeID": 7,
                    "referralFileType": "RX File"
                },
                {
                    "referralFile_ID": 51426089,
                    "fileLocation": "\\\\align.local\\app\\ReferralFiles\\2018\\08\\09\\4266981\\mdnotes_uid26577_08302018-2301260428.pdf",
                    "fileName": "mdnotes_uid26577_08302018-2301260428.pdf",
                    "createdDate": "2018-08-30T23:01:26.543",
                    "dateOnDocument": "2018-08-07T00:00:00",
                    "referralFileTypeID": 11,
                    "referralFileType": "MD Notes File"
                },
                {
                    "referralFile_ID": 51445196,
                    "fileLocation": "\\\\align.local\\app\\ReferralFiles\\2018\\08\\09\\4266981\\newref.fax_uid33411_08312018-1008200592.pdf",
                    "fileName": "newref.fax_uid33411_08312018-1008200592.pdf",
                    "createdDate": "2018-08-31T10:08:20.7",
                    "dateOnDocument": "2018-08-31T00:00:00",
                    "referralFileTypeID": 16,
                    "referralFileType": "New Ref. Fax File"
                },
                {
                    "referralFile_ID": 51445206,
                    "fileLocation": "\\\\align.local\\app\\ReferralFiles\\2018\\08\\09\\4266981\\duplicatemdnotes_uid33126_08312018-1008370452.pdf",
                    "fileName": "duplicatemdnotes_uid33126_08312018-1008370452.pdf",
                    "createdDate": "2018-08-31T10:08:36.357",
                    "dateOnDocument": "2018-08-07T00:00:00",
                    "referralFileTypeID": 37,
                    "referralFileType": "Duplicate MD Notes File"
                },
                {
                    "referralFile_ID": 51445217,
                    "fileLocation": "\\\\align.local\\app\\ReferralFiles\\2018\\08\\09\\4266981\\duplicatemdnotes_uid30097_08312018-1008550852.pdf",
                    "fileName": "duplicatemdnotes_uid30097_08312018-1008550852.pdf",
                    "createdDate": "2018-08-31T10:08:56.143",
                    "dateOnDocument": "2018-08-06T00:00:00",
                    "referralFileTypeID": 37,
                    "referralFileType": "Duplicate MD Notes File"
                },
                {
                    "referralFile_ID": 52718824,
                    "fileLocation": "\\\\align.local\\app\\ReferralFiles\\2018\\08\\09\\4266981\\reauth_uid26590_10182018-1401270453.pdf",
                    "fileName": "reauth_uid26590_10182018-1401270453.pdf",
                    "createdDate": "2018-10-18T14:01:27.69",
                    "dateOnDocument": "2018-10-18T00:00:00",
                    "referralFileTypeID": 9,
                    "referralFileType": "ReAuth File"
                },
                {
                    "referralFile_ID": 52718832,
                    "fileLocation": "\\\\align.local\\app\\ReferralFiles\\2018\\08\\09\\4266981\\rx_uid25117_10182018-1401380758.pdf",
                    "fileName": "rx_uid25117_10182018-1401380758.pdf",
                    "createdDate": "2018-10-18T14:01:38.757",
                    "dateOnDocument": "2018-10-05T00:00:00",
                    "referralFileTypeID": 7,
                    "referralFileType": "RX File"
                },
                {
                    "referralFile_ID": 52718844,
                    "fileLocation": "\\\\align.local\\app\\ReferralFiles\\2018\\08\\09\\4266981\\mdnotes_uid25117_10182018-1401530399.pdf",
                    "fileName": "mdnotes_uid25117_10182018-1401530399.pdf",
                    "createdDate": "2018-10-18T14:01:53.407",
                    "dateOnDocument": "2018-10-05T00:00:00",
                    "referralFileTypeID": 11,
                    "referralFileType": "MD Notes File"
                },
                {
                    "referralFile_ID": 52718861,
                    "fileLocation": "\\\\align.local\\app\\ReferralFiles\\2018\\08\\09\\4266981\\reauth_uid25117_10182018-1402140461.pdf",
                    "fileName": "reauth_uid25117_10182018-1402140461.pdf",
                    "createdDate": "2018-10-18T14:02:14.457",
                    "dateOnDocument": "2018-10-16T00:00:00",
                    "referralFileTypeID": 9,
                    "referralFileType": "ReAuth File"
                },
                {
                    "referralFile_ID": 53735657,
                    "fileLocation": "\\\\align.local\\app\\ReferralFiles\\2018\\08\\09\\4266981\\eval_uid0001_11282018-0619590240.pdf",
                    "fileName": "eval_uid0001_11282018-0619590240.pdf",
                    "createdDate": "2018-11-28T06:19:59.437",
                    "dateOnDocument": "0001-01-01T00:00:00",
                    "referralFileTypeID": 2,
                    "referralFileType": "Eval File"
                },
                {
                    "referralFile_ID": 53850795,
                    "fileLocation": "\\\\align.local\\app\\ReferralFiles\\2018\\08\\09\\4266981\\visit_uid0001_12032018-0619490850.pdf",
                    "fileName": "visit_uid0001_12032018-0619490850.pdf",
                    "createdDate": "2018-12-03T06:19:50.03",
                    "dateOnDocument": "0001-01-01T00:00:00",
                    "referralFileTypeID": 1,
                    "referralFileType": "Visit File"
                },
                {
                    "referralFile_ID": 53850798,
                    "fileLocation": "\\\\align.local\\app\\ReferralFiles\\2018\\08\\09\\4266981\\visit_uid0001_12032018-0619500364.pdf",
                    "fileName": "visit_uid0001_12032018-0619500364.pdf",
                    "createdDate": "2018-12-03T06:19:50.547",
                    "dateOnDocument": "0001-01-01T00:00:00",
                    "referralFileTypeID": 1,
                    "referralFileType": "Visit File"
                },
                {
                    "referralFile_ID": 53850801,
                    "fileLocation": "\\\\align.local\\app\\ReferralFiles\\2018\\08\\09\\4266981\\visit_uid0001_12032018-0619500972.pdf",
                    "fileName": "visit_uid0001_12032018-0619500972.pdf",
                    "createdDate": "2018-12-03T06:19:51.17",
                    "dateOnDocument": "0001-01-01T00:00:00",
                    "referralFileTypeID": 1,
                    "referralFileType": "Visit File"
                },
                {
                    "referralFile_ID": 53850807,
                    "fileLocation": "\\\\align.local\\app\\ReferralFiles\\2018\\08\\09\\4266981\\visit_uid0001_12032018-0619520113.pdf",
                    "fileName": "visit_uid0001_12032018-0619520113.pdf",
                    "createdDate": "2018-12-03T06:19:52.297",
                    "dateOnDocument": "0001-01-01T00:00:00",
                    "referralFileTypeID": 1,
                    "referralFileType": "Visit File"
                }
            ]
        },
        {
            "polarisOrderID": 30408,
            "referral_ID": 4267182,
            "claimDocumentsList": [
                {
                    "referralFile_ID": 50939061,
                    "fileLocation": "\\\\align.local\\app\\ReferralFiles\\2018\\08\\09\\4267182\\mdnotes_uid26604_08132018-1646260587.pdf",
                    "fileName": "mdnotes_uid26604_08132018-1646260587.pdf",
                    "createdDate": "2018-08-13T16:46:26.103",
                    "dateOnDocument": "2018-08-08T00:00:00",
                    "referralFileTypeID": 11,
                    "referralFileType": "MD Notes File"
                },
                {
                    "referralFile_ID": 51128910,
                    "fileLocation": "\\\\align.local\\app\\ReferralFiles\\2018\\08\\09\\4267182\\coverpage_uid29449_08202018-1635250555.pdf",
                    "fileName": "coverpage_uid29449_08202018-1635250555.pdf",
                    "createdDate": "2018-08-20T16:35:25.467",
                    "dateOnDocument": "2018-08-20T00:00:00",
                    "referralFileTypeID": 32,
                    "referralFileType": "Cover Page File"
                },
                {
                    "referralFile_ID": 51128920,
                    "fileLocation": "\\\\align.local\\app\\ReferralFiles\\2018\\08\\09\\4267182\\rx_uid29449_08202018-1635390727.pdf",
                    "fileName": "rx_uid29449_08202018-1635390727.pdf",
                    "createdDate": "2018-08-20T16:35:39.64",
                    "dateOnDocument": "2018-07-30T00:00:00",
                    "referralFileTypeID": 7,
                    "referralFileType": "RX File"
                },
                {
                    "referralFile_ID": 51128942,
                    "fileLocation": "\\\\align.local\\app\\ReferralFiles\\2018\\08\\09\\4267182\\duplicatemdnotes_uid29449_08202018-1636110368.pdf",
                    "fileName": "duplicatemdnotes_uid29449_08202018-1636110368.pdf",
                    "createdDate": "2018-08-20T16:36:11.287",
                    "dateOnDocument": "2018-08-08T00:00:00",
                    "referralFileTypeID": 37,
                    "referralFileType": "Duplicate MD Notes File"
                },
                {
                    "referralFile_ID": 51129013,
                    "fileLocation": "\\\\align.local\\app\\ReferralFiles\\2018\\08\\09\\4267182\\duplicatemdnotes_uid29449_08202018-1638030604.pdf",
                    "fileName": "duplicatemdnotes_uid29449_08202018-1638030604.pdf",
                    "createdDate": "2018-08-20T16:38:03.523",
                    "dateOnDocument": "2018-08-08T00:00:00",
                    "referralFileTypeID": 37,
                    "referralFileType": "Duplicate MD Notes File"
                },
                {
                    "referralFile_ID": 51129022,
                    "fileLocation": "\\\\align.local\\app\\ReferralFiles\\2018\\08\\09\\4267182\\mdnotes_uid29449_08202018-1638160245.pdf",
                    "fileName": "mdnotes_uid29449_08202018-1638160245.pdf",
                    "createdDate": "2018-08-20T16:38:16.167",
                    "dateOnDocument": "2018-07-30T00:00:00",
                    "referralFileTypeID": 11,
                    "referralFileType": "MD Notes File"
                },
                {
                    "referralFile_ID": 51372929,
                    "fileLocation": "\\\\align.local\\app\\ReferralFiles\\2018\\08\\09\\4267182\\eval_uid29725_08292018-1037110811.pdf",
                    "fileName": "eval_uid29725_08292018-1037110811.pdf",
                    "createdDate": "2018-08-29T10:37:12.017",
                    "dateOnDocument": "0001-01-01T00:00:00",
                    "referralFileTypeID": 2,
                    "referralFileType": "Eval File"
                },
                {
                    "referralFile_ID": 51372934,
                    "fileLocation": "\\\\align.local\\app\\ReferralFiles\\2018\\08\\09\\4267182\\coverpage_uid29725_08292018-1037320499.pdf",
                    "fileName": "coverpage_uid29725_08292018-1037320499.pdf",
                    "createdDate": "2018-08-29T10:37:32.703",
                    "dateOnDocument": "2018-08-29T00:00:00",
                    "referralFileTypeID": 32,
                    "referralFileType": "Cover Page File"
                },
                {
                    "referralFile_ID": 51426044,
                    "fileLocation": "\\\\align.local\\app\\ReferralFiles\\2018\\08\\09\\4267182\\coverpage_uid26577_08302018-2240540903.pdf",
                    "fileName": "coverpage_uid26577_08302018-2240540903.pdf",
                    "createdDate": "2018-08-30T22:40:55.017",
                    "dateOnDocument": "2018-08-07T00:00:00",
                    "referralFileTypeID": 32,
                    "referralFileType": "Cover Page File"
                },
                {
                    "referralFile_ID": 51426045,
                    "fileLocation": "\\\\align.local\\app\\ReferralFiles\\2018\\08\\09\\4267182\\rx_uid26577_08302018-2242240544.pdf",
                    "fileName": "rx_uid26577_08302018-2242240544.pdf",
                    "createdDate": "2018-08-30T22:42:24.653",
                    "dateOnDocument": "2018-08-08T00:00:00",
                    "referralFileTypeID": 7,
                    "referralFileType": "RX File"
                },
                {
                    "referralFile_ID": 51596870,
                    "fileLocation": "\\\\align.local\\app\\ReferralFiles\\2018\\08\\09\\4267182\\visit_uid0001_09072018-0642100682.pdf",
                    "fileName": "visit_uid0001_09072018-0642100682.pdf",
                    "createdDate": "2018-09-07T06:42:10.627",
                    "dateOnDocument": "0001-01-01T00:00:00",
                    "referralFileTypeID": 1,
                    "referralFileType": "Visit File"
                },
                {
                    "referralFile_ID": 50894958,
                    "fileLocation": "\\\\align.local\\app\\ReferralFiles\\2018\\08\\09\\4267182\\rx_uid26604_08102018-1547230124.pdf",
                    "fileName": "rx_uid26604_08102018-1547230124.pdf",
                    "createdDate": "2018-08-10T15:47:23.023",
                    "dateOnDocument": "2018-08-08T00:00:00",
                    "referralFileTypeID": 7,
                    "referralFileType": "RX File"
                },
                {
                    "referralFile_ID": 51697241,
                    "fileLocation": "\\\\align.local\\app\\ReferralFiles\\2018\\08\\09\\4267182\\coverpage_uid25117_09112018-1417130840.pdf",
                    "fileName": "coverpage_uid25117_09112018-1417130840.pdf",
                    "createdDate": "2018-09-11T14:17:13.737",
                    "dateOnDocument": "2018-09-11T00:00:00",
                    "referralFileTypeID": 32,
                    "referralFileType": "Cover Page File"
                }
            ]
        },
        {
            "polarisOrderID": 30521,
            "referral_ID": 4267934,
            "claimDocumentsList": [
                {
                    "referralFile_ID": 50887075,
                    "fileLocation": "\\\\align.local\\app\\ReferralFiles\\2018\\08\\09\\4267934\\mdnotes_uid28680_08102018-1238490262.pdf",
                    "fileName": "mdnotes_uid28680_08102018-1238490262.pdf",
                    "createdDate": "2018-08-10T12:38:50.06",
                    "dateOnDocument": "2018-07-16T00:00:00",
                    "referralFileTypeID": 11,
                    "referralFileType": "MD Notes File"
                },
                {
                    "referralFile_ID": 50887086,
                    "fileLocation": "\\\\align.local\\app\\ReferralFiles\\2018\\08\\09\\4267934\\rx_uid28680_08102018-1239060965.pdf",
                    "fileName": "rx_uid28680_08102018-1239060965.pdf",
                    "createdDate": "2018-08-10T12:39:07.773",
                    "dateOnDocument": "2018-07-16T00:00:00",
                    "referralFileTypeID": 7,
                    "referralFileType": "RX File"
                }
            ]
        },
        {
            "polarisOrderID": 0,
            "referral_ID": 4533345,
            "claimDocumentsList": [
                {
                    "referralFile_ID": 54214863,
                    "fileLocation": "\\\\align.local\\app\\ReferralFiles\\2018\\12\\14\\4533345\\newref.fax_uid28313_12142018-1811180107.pdf",
                    "fileName": "newref.fax_uid28313_12142018-1811180107.pdf",
                    "createdDate": "2018-12-14T18:11:18.28",
                    "dateOnDocument": "2018-12-14T00:00:00",
                    "referralFileTypeID": 16,
                    "referralFileType": "New Ref. Fax File"
                },
                {
                    "referralFile_ID": 54214871,
                    "fileLocation": "\\\\align.local\\app\\ReferralFiles\\2018\\12\\14\\4533345\\coverpage_uid28313_12142018-1811350654.pdf",
                    "fileName": "coverpage_uid28313_12142018-1811350654.pdf",
                    "createdDate": "2018-12-14T18:11:35.827",
                    "dateOnDocument": "2018-12-12T00:00:00",
                    "referralFileTypeID": 32,
                    "referralFileType": "Cover Page File"
                }
            ]
        },
        {
            "polarisOrderID": 0,
            "referral_ID": 4533342,
            "claimDocumentsList": [
                {
                    "referralFile_ID": 54214826,
                    "fileLocation": "\\\\align.local\\app\\ReferralFiles\\2018\\12\\14\\4533342\\newref.fax_uid24321_12142018-1809070419.pdf",
                    "fileName": "newref.fax_uid24321_12142018-1809070419.pdf",
                    "createdDate": "2018-12-14T18:09:07.61",
                    "dateOnDocument": "2018-12-14T00:00:00",
                    "referralFileTypeID": 16,
                    "referralFileType": "New Ref. Fax File"
                },
                {
                    "referralFile_ID": 54214833,
                    "fileLocation": "\\\\align.local\\app\\ReferralFiles\\2018\\12\\14\\4533342\\coverpage_uid24321_12142018-1809190810.pdf",
                    "fileName": "coverpage_uid24321_12142018-1809190810.pdf",
                    "createdDate": "2018-12-14T18:09:19.983",
                    "dateOnDocument": "2018-12-10T00:00:00",
                    "referralFileTypeID": 32,
                    "referralFileType": "Cover Page File"
                },
                {
                    "referralFile_ID": 54214840,
                    "fileLocation": "\\\\align.local\\app\\ReferralFiles\\2018\\12\\14\\4533342\\mdnotes_uid24321_12142018-1809370794.pdf",
                    "fileName": "mdnotes_uid24321_12142018-1809370794.pdf",
                    "createdDate": "2018-12-14T18:09:37.97",
                    "dateOnDocument": "2018-12-07T00:00:00",
                    "referralFileTypeID": 11,
                    "referralFileType": "MD Notes File"
                },
                {
                    "referralFile_ID": 54214842,
                    "fileLocation": "\\\\align.local\\app\\ReferralFiles\\2018\\12\\14\\4533342\\rx_uid24321_12142018-1809490372.pdf",
                    "fileName": "rx_uid24321_12142018-1809490372.pdf",
                    "createdDate": "2018-12-14T18:09:49.547",
                    "dateOnDocument": "2018-12-07T00:00:00",
                    "referralFileTypeID": 7,
                    "referralFileType": "RX File"
                }
            ]
        },
        {
            "polarisOrderID": 30653,
            "referral_ID": 4271661,
            "claimDocumentsList": [
                {
                    "referralFile_ID": 50921879,
                    "fileLocation": "\\\\align.local\\app\\ReferralFiles\\2018\\08\\10\\4271661\\rx_uid33411_08132018-0951060332.pdf",
                    "fileName": "rx_uid33411_08132018-0951060332.pdf",
                    "createdDate": "2018-08-13T09:51:06.273",
                    "dateOnDocument": "2018-07-30T00:00:00",
                    "referralFileTypeID": 7,
                    "referralFileType": "RX File"
                },
                {
                    "referralFile_ID": 50921882,
                    "fileLocation": "\\\\align.local\\app\\ReferralFiles\\2018\\08\\10\\4271661\\reauth_uid33411_08132018-0951110644.pdf",
                    "fileName": "reauth_uid33411_08132018-0951110644.pdf",
                    "createdDate": "2018-08-13T09:51:11.583",
                    "dateOnDocument": "2018-08-10T00:00:00",
                    "referralFileTypeID": 9,
                    "referralFileType": "ReAuth File"
                },
                {
                    "referralFile_ID": 50940060,
                    "fileLocation": "\\\\align.local\\app\\ReferralFiles\\2018\\08\\10\\4271661\\coverpage_uid33411_08132018-1718160756.pdf",
                    "fileName": "coverpage_uid33411_08132018-1718160756.pdf",
                    "createdDate": "2018-08-13T17:18:16.997",
                    "dateOnDocument": "2018-08-13T00:00:00",
                    "referralFileTypeID": 32,
                    "referralFileType": "Cover Page File"
                },
                {
                    "referralFile_ID": 50940067,
                    "fileLocation": "\\\\align.local\\app\\ReferralFiles\\2018\\08\\10\\4271661\\newref.fax_uid33411_08132018-1718230771.pdf",
                    "fileName": "newref.fax_uid33411_08132018-1718230771.pdf",
                    "createdDate": "2018-08-13T17:18:23.71",
                    "dateOnDocument": "2018-08-13T00:00:00",
                    "referralFileTypeID": 16,
                    "referralFileType": "New Ref. Fax File"
                },
                {
                    "referralFile_ID": 50940114,
                    "fileLocation": "\\\\align.local\\app\\ReferralFiles\\2018\\08\\10\\4271661\\reauth_uid33411_08132018-1719400429.pdf",
                    "fileName": "reauth_uid33411_08132018-1719400429.pdf",
                    "createdDate": "2018-08-13T17:19:40.39",
                    "dateOnDocument": "2018-08-13T00:00:00",
                    "referralFileTypeID": 9,
                    "referralFileType": "ReAuth File"
                },
                {
                    "referralFile_ID": 50940145,
                    "fileLocation": "\\\\align.local\\app\\ReferralFiles\\2018\\08\\10\\4271661\\rx_uid33411_08132018-1720320898.pdf",
                    "fileName": "rx_uid33411_08132018-1720320898.pdf",
                    "createdDate": "2018-08-13T17:20:32.85",
                    "dateOnDocument": "2018-08-13T00:00:00",
                    "referralFileTypeID": 7,
                    "referralFileType": "RX File"
                },
                {
                    "referralFile_ID": 51788080,
                    "fileLocation": "\\\\align.local\\app\\ReferralFiles\\2018\\08\\10\\4271661\\visit_uid25303_09142018-0408410809.pdf",
                    "fileName": "visit_uid25303_09142018-0408410809.pdf",
                    "createdDate": "2018-09-14T04:08:42.053",
                    "dateOnDocument": "0001-01-01T00:00:00",
                    "referralFileTypeID": 1,
                    "referralFileType": "Visit File"
                },
                {
                    "referralFile_ID": 51794192,
                    "fileLocation": "\\\\align.local\\app\\ReferralFiles\\2018\\08\\10\\4271661\\eval_uid0001_09142018-0633260761.pdf",
                    "fileName": "eval_uid0001_09142018-0633260761.pdf",
                    "createdDate": "2018-09-14T06:33:26.66",
                    "dateOnDocument": "0001-01-01T00:00:00",
                    "referralFileTypeID": 2,
                    "referralFileType": "Eval File"
                },
                {
                    "referralFile_ID": 51794193,
                    "fileLocation": "\\\\align.local\\app\\ReferralFiles\\2018\\08\\10\\4271661\\visit_uid0001_09142018-0633260903.pdf",
                    "fileName": "visit_uid0001_09142018-0633260903.pdf",
                    "createdDate": "2018-09-14T06:33:26.8",
                    "dateOnDocument": "0001-01-01T00:00:00",
                    "referralFileTypeID": 1,
                    "referralFileType": "Visit File"
                },
                {
                    "referralFile_ID": 51826210,
                    "fileLocation": "\\\\align.local\\app\\ReferralFiles\\2018\\08\\10\\4271661\\coverpage_uid26591_09172018-0139500876.pdf",
                    "fileName": "coverpage_uid26591_09172018-0139500876.pdf",
                    "createdDate": "2018-09-17T01:39:51.2",
                    "dateOnDocument": "2018-09-17T00:00:00",
                    "referralFileTypeID": 32,
                    "referralFileType": "Cover Page File"
                },
                {
                    "referralFile_ID": 51826211,
                    "fileLocation": "\\\\align.local\\app\\ReferralFiles\\2018\\08\\10\\4271661\\visit_uid26591_09172018-0140250783.pdf",
                    "fileName": "visit_uid26591_09172018-0140250783.pdf",
                    "createdDate": "2018-09-17T01:40:26.103",
                    "dateOnDocument": "0001-01-01T00:00:00",
                    "referralFileTypeID": 1,
                    "referralFileType": "Visit File"
                },
                {
                    "referralFile_ID": 51826212,
                    "fileLocation": "\\\\align.local\\app\\ReferralFiles\\2018\\08\\10\\4271661\\progress_uid26591_09172018-0140300064.pdf",
                    "fileName": "progress_uid26591_09172018-0140300064.pdf",
                    "createdDate": "2018-09-17T01:40:30.38",
                    "dateOnDocument": "2018-08-29T00:00:00",
                    "referralFileTypeID": 4,
                    "referralFileType": "Progress File"
                },
                {
                    "referralFile_ID": 52042431,
                    "fileLocation": "\\\\align.local\\app\\ReferralFiles\\2018\\08\\10\\4271661\\coverpage_uid26584_09242018-1236350575.pdf",
                    "fileName": "coverpage_uid26584_09242018-1236350575.pdf",
                    "createdDate": "2018-09-24T12:36:35.623",
                    "dateOnDocument": "2018-09-24T00:00:00",
                    "referralFileTypeID": 32,
                    "referralFileType": "Cover Page File"
                },
                {
                    "referralFile_ID": 52042446,
                    "fileLocation": "\\\\align.local\\app\\ReferralFiles\\2018\\08\\10\\4271661\\duplicatevisit_uid26584_09242018-1236570075.pdf",
                    "fileName": "duplicatevisit_uid26584_09242018-1236570075.pdf",
                    "createdDate": "2018-09-24T12:36:57.107",
                    "dateOnDocument": "2018-08-29T00:00:00",
                    "referralFileTypeID": 33,
                    "referralFileType": "Duplicate Visit File"
                },
                {
                    "referralFile_ID": 52042447,
                    "fileLocation": "\\\\align.local\\app\\ReferralFiles\\2018\\08\\10\\4271661\\duplicateprogress_uid26584_09242018-1237010622.pdf",
                    "fileName": "duplicateprogress_uid26584_09242018-1237010622.pdf",
                    "createdDate": "2018-09-24T12:37:01.657",
                    "dateOnDocument": "2018-08-29T00:00:00",
                    "referralFileTypeID": 36,
                    "referralFileType": "Duplicate Progress File"
                },
                {
                    "referralFile_ID": 52231502,
                    "fileLocation": "\\\\align.local\\app\\ReferralFiles\\2018\\08\\10\\4271661\\coverpage_uid26594_10012018-1049220461.pdf",
                    "fileName": "coverpage_uid26594_10012018-1049220461.pdf",
                    "createdDate": "2018-10-01T10:49:22.69",
                    "dateOnDocument": "2018-10-01T00:00:00",
                    "referralFileTypeID": 32,
                    "referralFileType": "Cover Page File"
                },
                {
                    "referralFile_ID": 52231511,
                    "fileLocation": "\\\\align.local\\app\\ReferralFiles\\2018\\08\\10\\4271661\\duplicatevisit_uid26594_10012018-1049360383.pdf",
                    "fileName": "duplicatevisit_uid26594_10012018-1049360383.pdf",
                    "createdDate": "2018-10-01T10:49:36.627",
                    "dateOnDocument": "2018-08-29T00:00:00",
                    "referralFileTypeID": 33,
                    "referralFileType": "Duplicate Visit File"
                },
                {
                    "referralFile_ID": 52231522,
                    "fileLocation": "\\\\align.local\\app\\ReferralFiles\\2018\\08\\10\\4271661\\duplicateprogress_uid26594_10012018-1049510680.pdf",
                    "fileName": "duplicateprogress_uid26594_10012018-1049510680.pdf",
                    "createdDate": "2018-10-01T10:49:51.91",
                    "dateOnDocument": "2018-08-29T00:00:00",
                    "referralFileTypeID": 36,
                    "referralFileType": "Duplicate Progress File"
                },
                {
                    "referralFile_ID": 52231546,
                    "fileLocation": "\\\\align.local\\app\\ReferralFiles\\2018\\08\\10\\4271661\\coverpage_uid26607_10012018-1050270075.pdf",
                    "fileName": "coverpage_uid26607_10012018-1050270075.pdf",
                    "createdDate": "2018-10-01T10:50:27.317",
                    "dateOnDocument": "2018-10-01T00:00:00",
                    "referralFileTypeID": 32,
                    "referralFileType": "Cover Page File"
                },
                {
                    "referralFile_ID": 52231573,
                    "fileLocation": "\\\\align.local\\app\\ReferralFiles\\2018\\08\\10\\4271661\\duplicateprogress_uid26607_10012018-1050520138.pdf",
                    "fileName": "duplicateprogress_uid26607_10012018-1050520138.pdf",
                    "createdDate": "2018-10-01T10:50:52.36",
                    "dateOnDocument": "2018-08-29T00:00:00",
                    "referralFileTypeID": 36,
                    "referralFileType": "Duplicate Progress File"
                },
                {
                    "referralFile_ID": 52231582,
                    "fileLocation": "\\\\align.local\\app\\ReferralFiles\\2018\\08\\10\\4271661\\duplicatevisit_uid26607_10012018-1051050404.pdf",
                    "fileName": "duplicatevisit_uid26607_10012018-1051050404.pdf",
                    "createdDate": "2018-10-01T10:51:05.64",
                    "dateOnDocument": "2018-08-29T00:00:00",
                    "referralFileTypeID": 33,
                    "referralFileType": "Duplicate Visit File"
                }
            ]
        },
        {
            "polarisOrderID": 30653,
            "referral_ID": 4271030,
            "claimDocumentsList": [
                {
                    "referralFile_ID": 50910191,
                    "fileLocation": "\\\\align.local\\app\\ReferralFiles\\2018\\08\\10\\4271030\\newref.fax_uid26888_08132018-0631110654.pdf",
                    "fileName": "newref.fax_uid26888_08132018-0631110654.pdf",
                    "createdDate": "2018-08-13T06:31:11.62",
                    "dateOnDocument": "2018-08-13T00:00:00",
                    "referralFileTypeID": 16,
                    "referralFileType": "New Ref. Fax File"
                },
                {
                    "referralFile_ID": 50910245,
                    "fileLocation": "\\\\align.local\\app\\ReferralFiles\\2018\\08\\10\\4271030\\rx_uid26888_08132018-0631260717.pdf",
                    "fileName": "rx_uid26888_08132018-0631260717.pdf",
                    "createdDate": "2018-08-13T06:31:26.673",
                    "dateOnDocument": "2018-08-10T00:00:00",
                    "referralFileTypeID": 7,
                    "referralFileType": "RX File"
                },
                {
                    "referralFile_ID": 50910348,
                    "fileLocation": "\\\\align.local\\app\\ReferralFiles\\2018\\08\\10\\4271030\\mdnotes_uid26888_08132018-0631520889.pdf",
                    "fileName": "mdnotes_uid26888_08132018-0631520889.pdf",
                    "createdDate": "2018-08-13T06:31:52.847",
                    "dateOnDocument": "2018-07-30T00:00:00",
                    "referralFileTypeID": 11,
                    "referralFileType": "MD Notes File"
                },
                {
                    "referralFile_ID": 50910427,
                    "fileLocation": "\\\\align.local\\app\\ReferralFiles\\2018\\08\\10\\4271030\\reauth_uid26888_08132018-0632110327.pdf",
                    "fileName": "reauth_uid26888_08132018-0632110327.pdf",
                    "createdDate": "2018-08-13T06:32:11.287",
                    "dateOnDocument": "2018-08-10T00:00:00",
                    "referralFileTypeID": 9,
                    "referralFileType": "ReAuth File"
                },
                {
                    "referralFile_ID": 51147458,
                    "fileLocation": "\\\\align.local\\app\\ReferralFiles\\2018\\08\\10\\4271030\\eval_uid25116_08212018-0932490204.pdf",
                    "fileName": "eval_uid25116_08212018-0932490204.pdf",
                    "createdDate": "2018-08-21T09:32:49.27",
                    "dateOnDocument": "0001-01-01T00:00:00",
                    "referralFileTypeID": 2,
                    "referralFileType": "Eval File"
                },
                {
                    "referralFile_ID": 51445324,
                    "fileLocation": "\\\\align.local\\app\\ReferralFiles\\2018\\08\\10\\4271030\\rx_uid26583_08312018-1011550833.pdf",
                    "fileName": "rx_uid26583_08312018-1011550833.pdf",
                    "createdDate": "2018-08-31T10:11:55.77",
                    "dateOnDocument": "2018-07-30T00:00:00",
                    "referralFileTypeID": 7,
                    "referralFileType": "RX File"
                },
                {
                    "referralFile_ID": 51580895,
                    "fileLocation": "\\\\align.local\\app\\ReferralFiles\\2018\\08\\10\\4271030\\duplicateeval_uid25112_09062018-1745390911.pdf",
                    "fileName": "duplicateeval_uid25112_09062018-1745390911.pdf",
                    "createdDate": "2018-09-06T17:45:40.11",
                    "dateOnDocument": "2018-08-16T00:00:00",
                    "referralFileTypeID": 34,
                    "referralFileType": "Duplicate Eval File"
                },
                {
                    "referralFile_ID": 51580906,
                    "fileLocation": "\\\\align.local\\app\\ReferralFiles\\2018\\08\\10\\4271030\\visit_uid25112_09062018-1746160208.pdf",
                    "fileName": "visit_uid25112_09062018-1746160208.pdf",
                    "createdDate": "2018-09-06T17:46:16.413",
                    "dateOnDocument": "0001-01-01T00:00:00",
                    "referralFileTypeID": 1,
                    "referralFileType": "Visit File"
                },
                {
                    "referralFile_ID": 51580909,
                    "fileLocation": "\\\\align.local\\app\\ReferralFiles\\2018\\08\\10\\4271030\\visit_uid25112_09062018-1746240365.pdf",
                    "fileName": "visit_uid25112_09062018-1746240365.pdf",
                    "createdDate": "2018-09-06T17:46:24.553",
                    "dateOnDocument": "0001-01-01T00:00:00",
                    "referralFileTypeID": 1,
                    "referralFileType": "Visit File"
                },
                {
                    "referralFile_ID": 51580912,
                    "fileLocation": "\\\\align.local\\app\\ReferralFiles\\2018\\08\\10\\4271030\\duplicatevisit_uid25112_09062018-1746370365.pdf",
                    "fileName": "duplicatevisit_uid25112_09062018-1746370365.pdf",
                    "createdDate": "2018-09-06T17:46:37.56",
                    "dateOnDocument": "2018-08-27T00:00:00",
                    "referralFileTypeID": 33,
                    "referralFileType": "Duplicate Visit File"
                },
                {
                    "referralFile_ID": 51580920,
                    "fileLocation": "\\\\align.local\\app\\ReferralFiles\\2018\\08\\10\\4271030\\duplicatevisit_uid25112_09062018-1747050006.pdf",
                    "fileName": "duplicatevisit_uid25112_09062018-1747050006.pdf",
                    "createdDate": "2018-09-06T17:47:05.21",
                    "dateOnDocument": "2018-08-27T00:00:00",
                    "referralFileTypeID": 33,
                    "referralFileType": "Duplicate Visit File"
                },
                {
                    "referralFile_ID": 51580925,
                    "fileLocation": "\\\\align.local\\app\\ReferralFiles\\2018\\08\\10\\4271030\\visit_uid25112_09062018-1747130209.pdf",
                    "fileName": "visit_uid25112_09062018-1747130209.pdf",
                    "createdDate": "2018-09-06T17:47:13.4",
                    "dateOnDocument": "0001-01-01T00:00:00",
                    "referralFileTypeID": 1,
                    "referralFileType": "Visit File"
                },
                {
                    "referralFile_ID": 51880484,
                    "fileLocation": "\\\\align.local\\app\\ReferralFiles\\2018\\08\\10\\4271030\\visit_uid27291_09182018-1014150481.pdf",
                    "fileName": "visit_uid27291_09182018-1014150481.pdf",
                    "createdDate": "2018-09-18T10:14:15.517",
                    "dateOnDocument": "0001-01-01T00:00:00",
                    "referralFileTypeID": 1,
                    "referralFileType": "Visit File"
                },
                {
                    "referralFile_ID": 51880491,
                    "fileLocation": "\\\\align.local\\app\\ReferralFiles\\2018\\08\\10\\4271030\\progress_uid27291_09182018-1014200684.pdf",
                    "fileName": "progress_uid27291_09182018-1014200684.pdf",
                    "createdDate": "2018-09-18T10:14:20.723",
                    "dateOnDocument": "2018-09-05T00:00:00",
                    "referralFileTypeID": 4,
                    "referralFileType": "Progress File"
                },
                {
                    "referralFile_ID": 51962806,
                    "fileLocation": "\\\\align.local\\app\\ReferralFiles\\2018\\08\\10\\4271030\\duplicatevisit_uid29725_09202018-1142130897.pdf",
                    "fileName": "duplicatevisit_uid29725_09202018-1142130897.pdf",
                    "createdDate": "2018-09-20T11:42:14.153",
                    "dateOnDocument": "2018-09-05T00:00:00",
                    "referralFileTypeID": 33,
                    "referralFileType": "Duplicate Visit File"
                },
                {
                    "referralFile_ID": 51962816,
                    "fileLocation": "\\\\align.local\\app\\ReferralFiles\\2018\\08\\10\\4271030\\duplicateprogress_uid29725_09202018-1142210319.pdf",
                    "fileName": "duplicateprogress_uid29725_09202018-1142210319.pdf",
                    "createdDate": "2018-09-20T11:42:21.563",
                    "dateOnDocument": "2018-09-05T00:00:00",
                    "referralFileTypeID": 36,
                    "referralFileType": "Duplicate Progress File"
                },
                {
                    "referralFile_ID": 52607109,
                    "fileLocation": "\\\\align.local\\app\\ReferralFiles\\2018\\08\\10\\4271030\\visit_uid25117_10152018-1235200777.pdf",
                    "fileName": "visit_uid25117_10152018-1235200777.pdf",
                    "createdDate": "2018-10-15T12:35:21.04",
                    "dateOnDocument": "0001-01-01T00:00:00",
                    "referralFileTypeID": 1,
                    "referralFileType": "Visit File"
                },
                {
                    "referralFile_ID": 52607114,
                    "fileLocation": "\\\\align.local\\app\\ReferralFiles\\2018\\08\\10\\4271030\\visit_uid25117_10152018-1235310043.pdf",
                    "fileName": "visit_uid25117_10152018-1235310043.pdf",
                    "createdDate": "2018-10-15T12:35:31.287",
                    "dateOnDocument": "0001-01-01T00:00:00",
                    "referralFileTypeID": 1,
                    "referralFileType": "Visit File"
                },
                {
                    "referralFile_ID": 52607119,
                    "fileLocation": "\\\\align.local\\app\\ReferralFiles\\2018\\08\\10\\4271030\\visit_uid25117_10152018-1235400199.pdf",
                    "fileName": "visit_uid25117_10152018-1235400199.pdf",
                    "createdDate": "2018-10-15T12:35:40.487",
                    "dateOnDocument": "0001-01-01T00:00:00",
                    "referralFileTypeID": 1,
                    "referralFileType": "Visit File"
                },
                {
                    "referralFile_ID": 54091688,
                    "fileLocation": "\\\\align.local\\app\\ReferralFiles\\2018\\08\\10\\4271030\\coverpage_uid26599_12112018-1239480411.pdf",
                    "fileName": "coverpage_uid26599_12112018-1239480411.pdf",
                    "createdDate": "2018-12-11T12:39:48.3",
                    "dateOnDocument": "2018-12-11T00:00:00",
                    "referralFileTypeID": 32,
                    "referralFileType": "Cover Page File"
                },
                {
                    "referralFile_ID": 54091701,
                    "fileLocation": "\\\\align.local\\app\\ReferralFiles\\2018\\08\\10\\4271030\\duplicatevisit_uid26599_12112018-1240050973.pdf",
                    "fileName": "duplicatevisit_uid26599_12112018-1240050973.pdf",
                    "createdDate": "2018-12-11T12:40:05.847",
                    "dateOnDocument": "2018-09-10T00:00:00",
                    "referralFileTypeID": 33,
                    "referralFileType": "Duplicate Visit File"
                },
                {
                    "referralFile_ID": 54091703,
                    "fileLocation": "\\\\align.local\\app\\ReferralFiles\\2018\\08\\10\\4271030\\duplicateprogress_uid26599_12112018-1240170754.pdf",
                    "fileName": "duplicateprogress_uid26599_12112018-1240170754.pdf",
                    "createdDate": "2018-12-11T12:40:17.643",
                    "dateOnDocument": "2018-09-10T00:00:00",
                    "referralFileTypeID": 36,
                    "referralFileType": "Duplicate Progress File"
                },
                {
                    "referralFile_ID": 54091719,
                    "fileLocation": "\\\\align.local\\app\\ReferralFiles\\2018\\08\\10\\4271030\\duplicatevisit_uid26599_12112018-1240470551.pdf",
                    "fileName": "duplicatevisit_uid26599_12112018-1240470551.pdf",
                    "createdDate": "2018-12-11T12:40:47.44",
                    "dateOnDocument": "2018-08-20T00:00:00",
                    "referralFileTypeID": 33,
                    "referralFileType": "Duplicate Visit File"
                }
            ]
        },
        {
            "polarisOrderID": 39645,
            "referral_ID": 4453469,
            "claimDocumentsList": [
                {
                    "referralFile_ID": 53216355,
                    "fileLocation": "\\\\align.local\\app\\ReferralFiles\\2018\\11\\06\\4453469\\coverpage_uid26608_11062018-1932070370.pdf",
                    "fileName": "coverpage_uid26608_11062018-1932070370.pdf",
                    "createdDate": "2018-11-06T19:32:07.51",
                    "dateOnDocument": "2018-11-06T00:00:00",
                    "referralFileTypeID": 32,
                    "referralFileType": "Cover Page File"
                },
                {
                    "referralFile_ID": 53216356,
                    "fileLocation": "\\\\align.local\\app\\ReferralFiles\\2018\\11\\06\\4453469\\rx_uid26608_11062018-1932140620.pdf",
                    "fileName": "rx_uid26608_11062018-1932140620.pdf",
                    "createdDate": "2018-11-06T19:32:14.747",
                    "dateOnDocument": "2018-10-31T00:00:00",
                    "referralFileTypeID": 7,
                    "referralFileType": "RX File"
                },
                {
                    "referralFile_ID": 53270470,
                    "fileLocation": "\\\\align.local\\app\\ReferralFiles\\2018\\11\\06\\4453469\\reauth_uid26888_11082018-1934500242.pdf",
                    "fileName": "reauth_uid26888_11082018-1934500242.pdf",
                    "createdDate": "2018-11-08T19:34:50.46",
                    "dateOnDocument": "2018-11-06T00:00:00",
                    "referralFileTypeID": 9,
                    "referralFileType": "ReAuth File"
                },
                {
                    "referralFile_ID": 53307896,
                    "fileLocation": "\\\\align.local\\app\\ReferralFiles\\2018\\11\\06\\4453469\\newref.fax_uid26583_11102018-0245230649.pdf",
                    "fileName": "newref.fax_uid26583_11102018-0245230649.pdf",
                    "createdDate": "2018-11-10T02:45:23.9",
                    "dateOnDocument": "2018-11-10T00:00:00",
                    "referralFileTypeID": 16,
                    "referralFileType": "New Ref. Fax File"
                },
                {
                    "referralFile_ID": 53307911,
                    "fileLocation": "\\\\align.local\\app\\ReferralFiles\\2018\\11\\06\\4453469\\duplicatereauth_uid26583_11102018-0245400649.pdf",
                    "fileName": "duplicatereauth_uid26583_11102018-0245400649.pdf",
                    "createdDate": "2018-11-10T02:45:40.923",
                    "dateOnDocument": "2018-11-06T00:00:00",
                    "referralFileTypeID": 39,
                    "referralFileType": "Duplicate ReAuth File"
                },
                {
                    "referralFile_ID": 53307927,
                    "fileLocation": "\\\\align.local\\app\\ReferralFiles\\2018\\11\\06\\4453469\\mdnotes_uid26583_11102018-0246110398.pdf",
                    "fileName": "mdnotes_uid26583_11102018-0246110398.pdf",
                    "createdDate": "2018-11-10T02:46:11.65",
                    "dateOnDocument": "2018-10-26T00:00:00",
                    "referralFileTypeID": 11,
                    "referralFileType": "MD Notes File"
                },
                {
                    "referralFile_ID": 53883377,
                    "fileLocation": "\\\\align.local\\app\\ReferralFiles\\2018\\11\\06\\4453469\\sra_uid32230_12032018-1710480189.pdf",
                    "fileName": "sra_uid32230_12032018-1710480189.pdf",
                    "createdDate": "2018-12-03T17:10:47.957",
                    "dateOnDocument": "2018-12-03T00:00:00",
                    "referralFileTypeID": 10,
                    "referralFileType": "SRA File"
                },
                {
                    "referralFile_ID": 53884777,
                    "fileLocation": "\\\\align.local\\app\\ReferralFiles\\2018\\11\\06\\4453469\\sra_uid32230_12032018-1830150169.pdf",
                    "fileName": "sra_uid32230_12032018-1830150169.pdf",
                    "createdDate": "2018-12-03T18:30:14.877",
                    "dateOnDocument": "2018-12-02T00:00:00",
                    "referralFileTypeID": 10,
                    "referralFileType": "SRA File"
                }
            ]
        },
        {
            "polarisOrderID": 39645,
            "referral_ID": 4453465,
            "claimDocumentsList": [
                {
                    "referralFile_ID": 53216349,
                    "fileLocation": "\\\\align.local\\app\\ReferralFiles\\2018\\11\\06\\4453465\\coverpage_uid29450_11062018-1931340587.pdf",
                    "fileName": "coverpage_uid29450_11062018-1931340587.pdf",
                    "createdDate": "2018-11-06T19:31:34.543",
                    "dateOnDocument": "2018-11-05T00:00:00",
                    "referralFileTypeID": 32,
                    "referralFileType": "Cover Page File"
                },
                {
                    "referralFile_ID": 53216353,
                    "fileLocation": "\\\\align.local\\app\\ReferralFiles\\2018\\11\\06\\4453465\\rx_uid29450_11062018-1931510665.pdf",
                    "fileName": "rx_uid29450_11062018-1931510665.pdf",
                    "createdDate": "2018-11-06T19:31:51.627",
                    "dateOnDocument": "2018-10-31T00:00:00",
                    "referralFileTypeID": 7,
                    "referralFileType": "RX File"
                },
                {
                    "referralFile_ID": 53216358,
                    "fileLocation": "\\\\align.local\\app\\ReferralFiles\\2018\\11\\06\\4453465\\reauth_uid29450_11062018-1932340836.pdf",
                    "fileName": "reauth_uid29450_11062018-1932340836.pdf",
                    "createdDate": "2018-11-06T19:32:34.79",
                    "dateOnDocument": "2018-11-06T00:00:00",
                    "referralFileTypeID": 9,
                    "referralFileType": "ReAuth File"
                },
                {
                    "referralFile_ID": 53307906,
                    "fileLocation": "\\\\align.local\\app\\ReferralFiles\\2018\\11\\06\\4453465\\coverpage_uid30929_11102018-0245350996.pdf",
                    "fileName": "coverpage_uid30929_11102018-0245350996.pdf",
                    "createdDate": "2018-11-10T02:45:36.277",
                    "dateOnDocument": "2018-11-10T00:00:00",
                    "referralFileTypeID": 32,
                    "referralFileType": "Cover Page File"
                },
                {
                    "referralFile_ID": 53307914,
                    "fileLocation": "\\\\align.local\\app\\ReferralFiles\\2018\\11\\06\\4453465\\coverpage_uid30929_11102018-0245460231.pdf",
                    "fileName": "coverpage_uid30929_11102018-0245460231.pdf",
                    "createdDate": "2018-11-10T02:45:46.503",
                    "dateOnDocument": "2018-11-10T00:00:00",
                    "referralFileTypeID": 32,
                    "referralFileType": "Cover Page File"
                },
                {
                    "referralFile_ID": 53307920,
                    "fileLocation": "\\\\align.local\\app\\ReferralFiles\\2018\\11\\06\\4453465\\rx_uid30929_11102018-0246030075.pdf",
                    "fileName": "rx_uid30929_11102018-0246030075.pdf",
                    "createdDate": "2018-11-10T02:46:03.353",
                    "dateOnDocument": "2018-11-01T00:00:00",
                    "referralFileTypeID": 7,
                    "referralFileType": "RX File"
                },
                {
                    "referralFile_ID": 53307926,
                    "fileLocation": "\\\\align.local\\app\\ReferralFiles\\2018\\11\\06\\4453465\\coverpage_uid27290_11102018-0246090488.pdf",
                    "fileName": "coverpage_uid27290_11102018-0246090488.pdf",
                    "createdDate": "2018-11-10T02:46:09.787",
                    "dateOnDocument": "2018-11-08T00:00:00",
                    "referralFileTypeID": 32,
                    "referralFileType": "Cover Page File"
                },
                {
                    "referralFile_ID": 53307937,
                    "fileLocation": "\\\\align.local\\app\\ReferralFiles\\2018\\11\\06\\4453465\\duplicatereauth_uid27290_11102018-0246230722.pdf",
                    "fileName": "duplicatereauth_uid27290_11102018-0246230722.pdf",
                    "createdDate": "2018-11-10T02:46:24.023",
                    "dateOnDocument": "2018-11-06T00:00:00",
                    "referralFileTypeID": 39,
                    "referralFileType": "Duplicate ReAuth File"
                },
                {
                    "referralFile_ID": 53307944,
                    "fileLocation": "\\\\align.local\\app\\ReferralFiles\\2018\\11\\06\\4453465\\mdnotes_uid30929_11102018-0246340934.pdf",
                    "fileName": "mdnotes_uid30929_11102018-0246340934.pdf",
                    "createdDate": "2018-11-10T02:46:35.22",
                    "dateOnDocument": "2018-10-26T00:00:00",
                    "referralFileTypeID": 11,
                    "referralFileType": "MD Notes File"
                },
                {
                    "referralFile_ID": 53307951,
                    "fileLocation": "\\\\align.local\\app\\ReferralFiles\\2018\\11\\06\\4453465\\mdnotes_uid26583_11102018-0246410413.pdf",
                    "fileName": "mdnotes_uid26583_11102018-0246410413.pdf",
                    "createdDate": "2018-11-10T02:46:41.68",
                    "dateOnDocument": "2018-10-26T00:00:00",
                    "referralFileTypeID": 11,
                    "referralFileType": "MD Notes File"
                },
                {
                    "referralFile_ID": 53307954,
                    "fileLocation": "\\\\align.local\\app\\ReferralFiles\\2018\\11\\06\\4453465\\mdnotes_uid27290_11102018-0246440457.pdf",
                    "fileName": "mdnotes_uid27290_11102018-0246440457.pdf",
                    "createdDate": "2018-11-10T02:46:44.76",
                    "dateOnDocument": "2018-10-26T00:00:00",
                    "referralFileTypeID": 11,
                    "referralFileType": "MD Notes File"
                }
            ]
        },
        {
            "polarisOrderID": 40896,
            "referral_ID": 4469074,
            "claimDocumentsList": [
                {
                    "referralFile_ID": 53421429,
                    "fileLocation": "\\\\align.local\\app\\ReferralFiles\\2018\\11\\13\\4469074\\newref.fax_uid24167_11142018-1053270880.pdf",
                    "fileName": "newref.fax_uid24167_11142018-1053270880.pdf",
                    "createdDate": "2018-11-14T10:53:28.193",
                    "dateOnDocument": "2018-11-14T00:00:00",
                    "referralFileTypeID": 16,
                    "referralFileType": "New Ref. Fax File"
                },
                {
                    "referralFile_ID": 53477284,
                    "fileLocation": "\\\\align.local\\app\\ReferralFiles\\2018\\11\\13\\4469074\\coverpage_uid26582_11152018-1555000268.pdf",
                    "fileName": "coverpage_uid26582_11152018-1555000268.pdf",
                    "createdDate": "2018-11-15T15:55:00.263",
                    "dateOnDocument": "2018-11-15T00:00:00",
                    "referralFileTypeID": 32,
                    "referralFileType": "Cover Page File"
                },
                {
                    "referralFile_ID": 53477290,
                    "fileLocation": "\\\\align.local\\app\\ReferralFiles\\2018\\11\\13\\4469074\\rx_uid26582_11152018-1555160331.pdf",
                    "fileName": "rx_uid26582_11152018-1555160331.pdf",
                    "createdDate": "2018-11-15T15:55:16.323",
                    "dateOnDocument": "2018-11-09T00:00:00",
                    "referralFileTypeID": 7,
                    "referralFileType": "RX File"
                }
            ]
        },
        {
            "polarisOrderID": 40896,
            "referral_ID": 4469073,
            "claimDocumentsList": [
                {
                    "referralFile_ID": 53431253,
                    "fileLocation": "\\\\align.local\\app\\ReferralFiles\\2018\\11\\13\\4469073\\rx_uid26593_11142018-1427400765.pdf",
                    "fileName": "rx_uid26593_11142018-1427400765.pdf",
                    "createdDate": "2018-11-14T14:27:41.387",
                    "dateOnDocument": "2018-11-09T00:00:00",
                    "referralFileTypeID": 7,
                    "referralFileType": "RX File"
                }
            ]
        },
        {
            "polarisOrderID": 0,
            "referral_ID": 10,
            "claimDocumentsList": [
                {
                    "referralFile_ID": 40345719,
                    "fileLocation": "\\\\align.local\\app\\ReferralFiles\\2006\\02\\15\\10\\coverpage_uid30096_07032017-1926220733.pdf",
                    "fileName": "coverpage_uid30096_07032017-1926220733.pdf",
                    "createdDate": "2017-07-03T19:26:22.99",
                    "dateOnDocument": "2017-07-03T00:00:00",
                    "referralFileTypeID": 32,
                    "referralFileType": "Cover Page File"
                },
                {
                    "referralFile_ID": 45746825,
                    "fileLocation": "\\\\align.local\\app\\ReferralFiles\\2006\\02\\15\\10\\newrx_uid31991_01312018-1624020188.pdf",
                    "fileName": "newrx_uid31991_01312018-1624020188.pdf",
                    "createdDate": "2018-01-31T16:24:01.86",
                    "dateOnDocument": "2017-10-19T00:00:00",
                    "referralFileTypeID": 8,
                    "referralFileType": "New RX File"
                },
                {
                    "referralFile_ID": 1284,
                    "fileLocation": "\\\\align.local\\app\\ReferralFiles\\2006\\02\\15\\10\\v20060302_121.pdf",
                    "fileName": "v20060302_121.pdf",
                    "createdDate": "2006-03-02T00:00:00",
                    "dateOnDocument": "0001-01-01T00:00:00",
                    "referralFileTypeID": 1,
                    "referralFileType": "Visit File"
                },
                {
                    "referralFile_ID": 1283,
                    "fileLocation": "\\\\align.local\\app\\ReferralFiles\\2006\\02\\15\\10\\v20060301_85.pdf",
                    "fileName": "v20060301_85.pdf",
                    "createdDate": "2006-03-01T00:00:00",
                    "dateOnDocument": "0001-01-01T00:00:00",
                    "referralFileTypeID": 1,
                    "referralFileType": "Visit File"
                },
                {
                    "referralFile_ID": 1282,
                    "fileLocation": "\\\\align.local\\app\\ReferralFiles\\2006\\02\\15\\10\\v20060221_76.pdf",
                    "fileName": "v20060221_76.pdf",
                    "createdDate": "2006-02-21T00:00:00",
                    "dateOnDocument": "0001-01-01T00:00:00",
                    "referralFileTypeID": 1,
                    "referralFileType": "Visit File"
                },
                {
                    "referralFile_ID": 1281,
                    "fileLocation": "\\\\align.local\\app\\ReferralFiles\\2006\\02\\15\\10\\v20060220_75.pdf",
                    "fileName": "v20060220_75.pdf",
                    "createdDate": "2006-02-20T00:00:00",
                    "dateOnDocument": "0001-01-01T00:00:00",
                    "referralFileTypeID": 1,
                    "referralFileType": "Visit File"
                },
                {
                    "referralFile_ID": 1280,
                    "fileLocation": "\\\\align.local\\app\\ReferralFiles\\2006\\02\\15\\10\\v20060217_74.pdf",
                    "fileName": "v20060217_74.pdf",
                    "createdDate": "2006-02-17T00:00:00",
                    "dateOnDocument": "0001-01-01T00:00:00",
                    "referralFileTypeID": 1,
                    "referralFileType": "Visit File"
                },
                {
                    "referralFile_ID": 1279,
                    "fileLocation": "\\\\align.local\\app\\ReferralFiles\\2006\\02\\15\\10\\v20060216_49.pdf",
                    "fileName": "v20060216_49.pdf",
                    "createdDate": "2006-02-16T00:00:00",
                    "dateOnDocument": "0001-01-01T00:00:00",
                    "referralFileTypeID": 1,
                    "referralFileType": "Visit File"
                },
                {
                    "referralFile_ID": 1278,
                    "fileLocation": "\\\\align.local\\app\\ReferralFiles\\2006\\02\\15\\10\\rx20060206_10.pdf",
                    "fileName": "rx20060206_10.pdf",
                    "createdDate": "2006-02-06T00:00:00",
                    "dateOnDocument": "0001-01-01T00:00:00",
                    "referralFileTypeID": 7,
                    "referralFileType": "RX File"
                }
            ]
        }
    ]
}