{
    "status": {
        "httpStatusCode": 200,
        "displayMessage": null,
        "errorMessage": null
    },
    "journalTypes": [
        {
            "journalTypeId": 488,
            "journalTypeDescription": "Progress Note Requested",
            "isDeleted": false,
            "isSystem": true
        },
        {
            "journalTypeId": 487,
            "journalTypeDescription": "Document Review",
            "isDeleted": false,
            "isSystem": false
        },
        {
            "journalTypeId": 486,
            "journalTypeDescription": "ETeam.PatientUpdate - Ref. Status Event Scheduled",
            "isDeleted": false,
            "isSystem": true
        },
        {
            "journalTypeId": 485,
            "journalTypeDescription": "ETeam.PatientUpdate - All Issuess Resolved",
            "isDeleted": false,
            "isSystem": true
        },
        {
            "journalTypeId": 484,
            "journalTypeDescription": "ETeam.PatientUpdate - Note(s) Requested",
            "isDeleted": false,
            "isSystem": true
        },
        {
            "journalTypeId": 483,
            "journalTypeDescription": "ETeam.PatientUpdate - Request For Bill",
            "isDeleted": false,
            "isSystem": true
        },
        {
            "journalTypeId": 482,
            "journalTypeDescription": "ETeam.PatientUpdate - DOS (OA) Status Update - Y",
            "isDeleted": false,
            "isSystem": true
        },
        {
            "journalTypeId": 481,
            "journalTypeDescription": "ETeam.PatientUpdate - DOS (OA) Status Update - M",
            "isDeleted": false,
            "isSystem": true
        },
        {
            "journalTypeId": 480,
            "journalTypeDescription": "ETeam.PatientUpdate - DOS Updated",
            "isDeleted": false,
            "isSystem": true
        },
        {
            "journalTypeId": 479,
            "journalTypeDescription": "ETeam.PatientUpdate - Discharge Summary Request",
            "isDeleted": false,
            "isSystem": true
        },
        {
            "journalTypeId": 478,
            "journalTypeDescription": "ETeam.PatientUpdate - Context & Notes",
            "isDeleted": false,
            "isSystem": true
        },
        {
            "journalTypeId": 477,
            "journalTypeDescription": "ETeam.PatientUpdate - Advised New Rx Pending",
            "isDeleted": false,
            "isSystem": true
        },
        {
            "journalTypeId": 476,
            "journalTypeDescription": "ETeam.PatientUpdate - Eval Note Requested",
            "isDeleted": false,
            "isSystem": true
        },
        {
            "journalTypeId": 475,
            "journalTypeDescription": "ETeam.PatientUpdate - Report Request",
            "isDeleted": false,
            "isSystem": true
        },
        {
            "journalTypeId": 474,
            "journalTypeDescription": "ETeam.PatientUpdate - No req for add. auth, d/c?",
            "isDeleted": false,
            "isSystem": true
        },
        {
            "journalTypeId": 473,
            "journalTypeDescription": "ETeam.PatientUpdate - DOS Added - Y",
            "isDeleted": false,
            "isSystem": true
        },
        {
            "journalTypeId": 472,
            "journalTypeDescription": "ETeam.PatientUpdate - DOS Added - M",
            "isDeleted": false,
            "isSystem": true
        },
        {
            "journalTypeId": 471,
            "journalTypeDescription": "ETeam.PatientUpdate - DOS Status Update - Y",
            "isDeleted": false,
            "isSystem": true
        },
        {
            "journalTypeId": 470,
            "journalTypeDescription": "ETeam.PatientUpdate - DOS Status Update - M",
            "isDeleted": false,
            "isSystem": true
        },
        {
            "journalTypeId": 469,
            "journalTypeDescription": "ETeam.PatientUpdate - Notification of Pending Auth",
            "isDeleted": false,
            "isSystem": true
        },
        {
            "journalTypeId": 468,
            "journalTypeDescription": "ETeam.PatientUpdate - Progress Summary Request",
            "isDeleted": false,
            "isSystem": true
        },
        {
            "journalTypeId": 467,
            "journalTypeDescription": "ETeam.PatientUpdate",
            "isDeleted": false,
            "isSystem": false
        },
        {
            "journalTypeId": 466,
            "journalTypeDescription": "7 Day CRP Schedule Gap",
            "isDeleted": true,
            "isSystem": false
        },
        {
            "journalTypeId": 465,
            "journalTypeDescription": "New Referral Receipt Missing Info Notification",
            "isDeleted": false,
            "isSystem": true
        },
        {
            "journalTypeId": 464,
            "journalTypeDescription": "MTAP Risk Report",
            "isDeleted": false,
            "isSystem": true
        },
        {
            "journalTypeId": 463,
            "journalTypeDescription": "MTAP Assessment Report",
            "isDeleted": false,
            "isSystem": true
        },
        {
            "journalTypeId": 462,
            "journalTypeDescription": "MTAP Workability Report",
            "isDeleted": false,
            "isSystem": true
        },
        {
            "journalTypeId": 461,
            "journalTypeDescription": "MTAP Report",
            "isDeleted": false,
            "isSystem": true
        },
        {
            "journalTypeId": 460,
            "journalTypeDescription": "MTAP survey sent",
            "isDeleted": false,
            "isSystem": false
        },
        {
            "journalTypeId": 459,
            "journalTypeDescription": "HES Master Note Update",
            "isDeleted": false,
            "isSystem": false
        },
        {
            "journalTypeId": 458,
            "journalTypeDescription": "Mass Deleted Email",
            "isDeleted": false,
            "isSystem": true
        },
        {
            "journalTypeId": 457,
            "journalTypeDescription": "Initial appointment delayed due to missing authorization",
            "isDeleted": false,
            "isSystem": false
        },
        {
            "journalTypeId": 456,
            "journalTypeDescription": "Initial appointment delayed due to other reason",
            "isDeleted": false,
            "isSystem": false
        },
        {
            "journalTypeId": 455,
            "journalTypeDescription": "Initial appointment delayed due to missing information/physician orders",
            "isDeleted": false,
            "isSystem": false
        },
        {
            "journalTypeId": 454,
            "journalTypeDescription": "ARC Termination",
            "isDeleted": false,
            "isSystem": true
        },
        {
            "journalTypeId": 453,
            "journalTypeDescription": "HES Contact",
            "isDeleted": false,
            "isSystem": false
        },
        {
            "journalTypeId": 452,
            "journalTypeDescription": "UR Threshold Eval Note Past Due (#187)",
            "isDeleted": false,
            "isSystem": false
        },
        {
            "journalTypeId": 451,
            "journalTypeDescription": "CS => Needs Review - At Risk",
            "isDeleted": false,
            "isSystem": true
        },
        {
            "journalTypeId": 450,
            "journalTypeDescription": "CS => To Assign - At Risk",
            "isDeleted": false,
            "isSystem": true
        },
        {
            "journalTypeId": 449,
            "journalTypeDescription": "Recovered Bills",
            "isDeleted": false,
            "isSystem": false
        },
        {
            "journalTypeId": 448,
            "journalTypeDescription": "OneCall Patient Address Change Sent",
            "isDeleted": false,
            "isSystem": false
        },
        {
            "journalTypeId": 447,
            "journalTypeDescription": "Notice of Delay",
            "isDeleted": false,
            "isSystem": false
        },
        {
            "journalTypeId": 446,
            "journalTypeDescription": "HES Transmit",
            "isDeleted": false,
            "isSystem": false
        },
        {
            "journalTypeId": 445,
            "journalTypeDescription": "HES Clinical Measures Sent",
            "isDeleted": false,
            "isSystem": false
        },
        {
            "journalTypeId": 444,
            "journalTypeDescription": "Patient Not Cooperating/Delay",
            "isDeleted": false,
            "isSystem": false
        },
        {
            "journalTypeId": 443,
            "journalTypeDescription": "CMI Walmart GSR Daily",
            "isDeleted": false,
            "isSystem": false
        },
        {
            "journalTypeId": 442,
            "journalTypeDescription": "Fax.MDNote",
            "isDeleted": false,
            "isSystem": false
        },
        {
            "journalTypeId": 441,
            "journalTypeDescription": "Direct Auth",
            "isDeleted": false,
            "isSystem": false
        },
        {
            "journalTypeId": 440,
            "journalTypeDescription": "Email.Admin Closing",
            "isDeleted": false,
            "isSystem": false
        },
        {
            "journalTypeId": 439,
            "journalTypeDescription": "DC Note Sent To Payor",
            "isDeleted": false,
            "isSystem": false
        },
        {
            "journalTypeId": 438,
            "journalTypeDescription": "Provider Bypass",
            "isDeleted": false,
            "isSystem": false
        },
        {
            "journalTypeId": 437,
            "journalTypeDescription": "Genex Case Number Request",
            "isDeleted": false,
            "isSystem": false
        },
        {
            "journalTypeId": 436,
            "journalTypeDescription": "Home Exercise Program File",
            "isDeleted": false,
            "isSystem": true
        },
        {
            "journalTypeId": 435,
            "journalTypeDescription": "TMI Voluntary Certification Letter Sent",
            "isDeleted": false,
            "isSystem": false
        },
        {
            "journalTypeId": 434,
            "journalTypeDescription": "OneCall Transportation&Translation Referral Cancel",
            "isDeleted": false,
            "isSystem": true
        },
        {
            "journalTypeId": 433,
            "journalTypeDescription": "OneCall Transportation&Translation Referral Sent",
            "isDeleted": false,
            "isSystem": true
        },
        {
            "journalTypeId": 432,
            "journalTypeDescription": "TMI Voluntary Certification Note Data Collected",
            "isDeleted": false,
            "isSystem": true
        },
        {
            "journalTypeId": 431,
            "journalTypeDescription": "Not Billed DOS Provider Contact",
            "isDeleted": false,
            "isSystem": false
        },
        {
            "journalTypeId": 430,
            "journalTypeDescription": "Provider Notification of Retro Manage (#177)",
            "isDeleted": false,
            "isSystem": false
        },
        {
            "journalTypeId": 429,
            "journalTypeDescription": "Visit Manual",
            "isDeleted": false,
            "isSystem": true
        },
        {
            "journalTypeId": 428,
            "journalTypeDescription": "Clinical Data Feed Match",
            "isDeleted": false,
            "isSystem": true
        },
        {
            "journalTypeId": 427,
            "journalTypeDescription": "Auto Moved to Clinical bc of Date",
            "isDeleted": false,
            "isSystem": false
        },
        {
            "journalTypeId": 426,
            "journalTypeDescription": "OneCall Provider Change Sent",
            "isDeleted": false,
            "isSystem": false
        },
        {
            "journalTypeId": 425,
            "journalTypeDescription": "OneCall Adjuster Change Sent",
            "isDeleted": false,
            "isSystem": false
        },
        {
            "journalTypeId": 424,
            "journalTypeDescription": "CRP DC Review Email Sent",
            "isDeleted": false,
            "isSystem": true
        },
        {
            "journalTypeId": 423,
            "journalTypeDescription": "CRP Outlier Form",
            "isDeleted": false,
            "isSystem": true
        },
        {
            "journalTypeId": 422,
            "journalTypeDescription": "File Eval Unscheduled",
            "isDeleted": false,
            "isSystem": true
        },
        {
            "journalTypeId": 421,
            "journalTypeDescription": "Daily Notes Sent",
            "isDeleted": false,
            "isSystem": false
        },
        {
            "journalTypeId": 420,
            "journalTypeDescription": "59 Modifier Validated - Not Needed",
            "isDeleted": false,
            "isSystem": true
        },
        {
            "journalTypeId": 419,
            "journalTypeDescription": "59 Modifier Validated - Needs 59 Added",
            "isDeleted": false,
            "isSystem": true
        },
        {
            "journalTypeId": 418,
            "journalTypeDescription": "PendingAuthThirdRequest Sent",
            "isDeleted": false,
            "isSystem": false
        },
        {
            "journalTypeId": 417,
            "journalTypeDescription": "PendingAuthSecondRequest Sent",
            "isDeleted": false,
            "isSystem": false
        },
        {
            "journalTypeId": 416,
            "journalTypeDescription": "PendingAuthFirstRequest Sent",
            "isDeleted": false,
            "isSystem": false
        },
        {
            "journalTypeId": 415,
            "journalTypeDescription": "TMI Patient Letter",
            "isDeleted": false,
            "isSystem": true
        },
        {
            "journalTypeId": 414,
            "journalTypeDescription": "CRP Reauth Contact",
            "isDeleted": false,
            "isSystem": false
        },
        {
            "journalTypeId": 413,
            "journalTypeDescription": "TMI WebReferral (Order) Assign to Existing Referral",
            "isDeleted": false,
            "isSystem": true
        },
        {
            "journalTypeId": 412,
            "journalTypeDescription": "TMIMutualAgreementLetter Sent",
            "isDeleted": false,
            "isSystem": false
        },
        {
            "journalTypeId": 411,
            "journalTypeDescription": "TMIPreAuthLetter Sent",
            "isDeleted": false,
            "isSystem": false
        },
        {
            "journalTypeId": 410,
            "journalTypeDescription": "TMINoPreauthRequired Sent",
            "isDeleted": false,
            "isSystem": false
        },
        {
            "journalTypeId": 409,
            "journalTypeDescription": "Fac.PatientUpdate - Ref. Status Event Scheduled",
            "isDeleted": false,
            "isSystem": true
        },
        {
            "journalTypeId": 408,
            "journalTypeDescription": "TMI PreAuth-Note Data collected",
            "isDeleted": false,
            "isSystem": true
        },
        {
            "journalTypeId": 407,
            "journalTypeDescription": "TMI Intake Note Data collected",
            "isDeleted": false,
            "isSystem": true
        },
        {
            "journalTypeId": 406,
            "journalTypeDescription": "TMIAppealProspectiveUROutcome Sent",
            "isDeleted": false,
            "isSystem": false
        },
        {
            "journalTypeId": 405,
            "journalTypeDescription": "TMIRequestForReconsiderationAck Sent",
            "isDeleted": false,
            "isSystem": false
        },
        {
            "journalTypeId": 404,
            "journalTypeDescription": "TMIProspectiveUROutcome Sent",
            "isDeleted": false,
            "isSystem": false
        },
        {
            "journalTypeId": 403,
            "journalTypeDescription": "TMIPatientLetterSpanish Sent",
            "isDeleted": false,
            "isSystem": false
        },
        {
            "journalTypeId": 402,
            "journalTypeDescription": "TMIPatientLetterEnglish Sent",
            "isDeleted": false,
            "isSystem": false
        },
        {
            "journalTypeId": 401,
            "journalTypeDescription": "Referral Payor Verification - Payor Changed",
            "isDeleted": false,
            "isSystem": true
        },
        {
            "journalTypeId": 400,
            "journalTypeDescription": "Referral Payor Verification - Payor Verified",
            "isDeleted": false,
            "isSystem": true
        },
        {
            "journalTypeId": 399,
            "journalTypeDescription": "AV File Processor - Moved file to Note Mgmt",
            "isDeleted": false,
            "isSystem": true
        },
        {
            "journalTypeId": 398,
            "journalTypeDescription": "Referral File AUTO-LINK",
            "isDeleted": false,
            "isSystem": true
        },
        {
            "journalTypeId": 397,
            "journalTypeDescription": "Misc. Lockbox File",
            "isDeleted": false,
            "isSystem": true
        },
        {
            "journalTypeId": 396,
            "journalTypeDescription": "DME-OCCM Auth Doc Sent to Provider",
            "isDeleted": false,
            "isSystem": false
        },
        {
            "journalTypeId": 395,
            "journalTypeDescription": "Work Ready Form",
            "isDeleted": false,
            "isSystem": false
        },
        {
            "journalTypeId": 394,
            "journalTypeDescription": "Sent Adjuster/CM SRA Update",
            "isDeleted": false,
            "isSystem": false
        },
        {
            "journalTypeId": 393,
            "journalTypeDescription": "Sent Adjuster/CM Standard Update",
            "isDeleted": false,
            "isSystem": false
        },
        {
            "journalTypeId": 392,
            "journalTypeDescription": "Sent Adjuster/CM Updates Patient Contact",
            "isDeleted": false,
            "isSystem": false
        },
        {
            "journalTypeId": 391,
            "journalTypeDescription": "Sent CRP Reimbursement And Billing Instructions",
            "isDeleted": false,
            "isSystem": false
        },
        {
            "journalTypeId": 390,
            "journalTypeDescription": "CRP/VRP Manually changed",
            "isDeleted": false,
            "isSystem": true
        },
        {
            "journalTypeId": 389,
            "journalTypeDescription": "Genex Daily Notes Sent",
            "isDeleted": false,
            "isSystem": false
        },
        {
            "journalTypeId": 388,
            "journalTypeDescription": "File Uploaded from Provider Portal",
            "isDeleted": false,
            "isSystem": true
        },
        {
            "journalTypeId": 387,
            "journalTypeDescription": "UR Contact Attempt",
            "isDeleted": false,
            "isSystem": false
        },
        {
            "journalTypeId": 386,
            "journalTypeDescription": "CRP EVAL Processing (BodyPart Details)",
            "isDeleted": false,
            "isSystem": true
        },
        {
            "journalTypeId": 385,
            "journalTypeDescription": "Fac.PatientUpdate - All Issuess Resolved",
            "isDeleted": false,
            "isSystem": true
        },
        {
            "journalTypeId": 384,
            "journalTypeDescription": "CS => Pre Check - Medical Necessity",
            "isDeleted": false,
            "isSystem": true
        },
        {
            "journalTypeId": 383,
            "journalTypeDescription": "Medical Necessity RX Rescind (Teleconference)",
            "isDeleted": false,
            "isSystem": false
        },
        {
            "journalTypeId": 382,
            "journalTypeDescription": "Medical Necessity Review Not Needed (Align Determined)",
            "isDeleted": false,
            "isSystem": false
        },
        {
            "journalTypeId": 381,
            "journalTypeDescription": "Medical Necessity [Review 48 Hr Expired]",
            "isDeleted": false,
            "isSystem": false
        },
        {
            "journalTypeId": 380,
            "journalTypeDescription": "Medical Necessity [Review Approved]",
            "isDeleted": false,
            "isSystem": false
        },
        {
            "journalTypeId": 379,
            "journalTypeDescription": "Letter Of Medical Necessity Review Sent",
            "isDeleted": false,
            "isSystem": false
        },
        {
            "journalTypeId": 378,
            "journalTypeDescription": "Work Ready Form Received",
            "isDeleted": false,
            "isSystem": true
        },
        {
            "journalTypeId": 377,
            "journalTypeDescription": "Medical Necessity Referral Voiding (Align Suggested)",
            "isDeleted": false,
            "isSystem": false
        },
        {
            "journalTypeId": 376,
            "journalTypeDescription": "Medical Necessity Care Continuation (Align Suggested)",
            "isDeleted": false,
            "isSystem": false
        },
        {
            "journalTypeId": 375,
            "journalTypeDescription": "Medical Necessity RX Rescinded",
            "isDeleted": false,
            "isSystem": false
        },
        {
            "journalTypeId": 374,
            "journalTypeDescription": "Medical Necessity Referral Voiding (Adj agrees no more therapy.)",
            "isDeleted": false,
            "isSystem": false
        },
        {
            "journalTypeId": 373,
            "journalTypeDescription": "Medical Necessity Care Continuation (Adjuster Approved)",
            "isDeleted": false,
            "isSystem": false
        },
        {
            "journalTypeId": 372,
            "journalTypeDescription": "Savings And Outcomes Report Sent",
            "isDeleted": false,
            "isSystem": false
        },
        {
            "journalTypeId": 371,
            "journalTypeDescription": "Medical Necessity [Clinical Review] File Received",
            "isDeleted": false,
            "isSystem": true
        },
        {
            "journalTypeId": 370,
            "journalTypeDescription": "Medical Necessity [MD] File Received",
            "isDeleted": false,
            "isSystem": true
        },
        {
            "journalTypeId": 369,
            "journalTypeDescription": "Medical Necessity [Adjuster Review] File Rcvd",
            "isDeleted": false,
            "isSystem": true
        },
        {
            "journalTypeId": 368,
            "journalTypeDescription": "Medical Necessity Opinion Override",
            "isDeleted": false,
            "isSystem": false
        },
        {
            "journalTypeId": 367,
            "journalTypeDescription": "CS => To Assign - Medical Necessity",
            "isDeleted": false,
            "isSystem": true
        },
        {
            "journalTypeId": 366,
            "journalTypeDescription": "Referrals (Payor) Condition Program Type set",
            "isDeleted": false,
            "isSystem": true
        },
        {
            "journalTypeId": 365,
            "journalTypeDescription": "Medical Necessity [Adjuster Review] Adjuster Denied",
            "isDeleted": false,
            "isSystem": false
        },
        {
            "journalTypeId": 364,
            "journalTypeDescription": "CS => Med Necessity Needs Review",
            "isDeleted": false,
            "isSystem": true
        },
        {
            "journalTypeId": 363,
            "journalTypeDescription": "Release of Appropriateness of Discharge Review",
            "isDeleted": false,
            "isSystem": true
        },
        {
            "journalTypeId": 362,
            "journalTypeDescription": "Auto Adjuster Request For Medical Necessity Sent",
            "isDeleted": false,
            "isSystem": true
        },
        {
            "journalTypeId": 361,
            "journalTypeDescription": "Auto Physician Request For Medical Necessity Sent",
            "isDeleted": false,
            "isSystem": true
        },
        {
            "journalTypeId": 360,
            "journalTypeDescription": "Referrals (Provider) Condition Program Type set",
            "isDeleted": false,
            "isSystem": true
        },
        {
            "journalTypeId": 359,
            "journalTypeDescription": "Auto Waiting to Discharge (#138)",
            "isDeleted": false,
            "isSystem": true
        },
        {
            "journalTypeId": 358,
            "journalTypeDescription": "AIG Retro Referral Received",
            "isDeleted": false,
            "isSystem": true
        },
        {
            "journalTypeId": 357,
            "journalTypeDescription": "OCCM Contact",
            "isDeleted": false,
            "isSystem": false
        },
        {
            "journalTypeId": 356,
            "journalTypeDescription": "AMS attachment exported to Note Mngmt",
            "isDeleted": false,
            "isSystem": true
        },
        {
            "journalTypeId": 355,
            "journalTypeDescription": "Auto Bill Initiation Payor Info Request (#124)",
            "isDeleted": false,
            "isSystem": true
        },
        {
            "journalTypeId": 354,
            "journalTypeDescription": "Mosaic Contact",
            "isDeleted": false,
            "isSystem": false
        },
        {
            "journalTypeId": 353,
            "journalTypeDescription": "Evaluation.Missed Sent",
            "isDeleted": false,
            "isSystem": false
        },
        {
            "journalTypeId": 352,
            "journalTypeDescription": "OneCall DME Referral Cancelled",
            "isDeleted": false,
            "isSystem": true
        },
        {
            "journalTypeId": 351,
            "journalTypeDescription": "OneCall DME Referral Sent",
            "isDeleted": false,
            "isSystem": true
        },
        {
            "journalTypeId": 350,
            "journalTypeDescription": "Cloned From Smart Source",
            "isDeleted": false,
            "isSystem": true
        },
        {
            "journalTypeId": 349,
            "journalTypeDescription": "Retro Claim Missing Notes",
            "isDeleted": false,
            "isSystem": true
        },
        {
            "journalTypeId": 348,
            "journalTypeDescription": "Patient Contact Attempted",
            "isDeleted": false,
            "isSystem": false
        },
        {
            "journalTypeId": 347,
            "journalTypeDescription": "OneCall Translation Referral Cancelled",
            "isDeleted": false,
            "isSystem": true
        },
        {
            "journalTypeId": 346,
            "journalTypeDescription": "OneCall Translation Referral Sent",
            "isDeleted": false,
            "isSystem": true
        },
        {
            "journalTypeId": 345,
            "journalTypeDescription": "OneCall Transportation Referral Cancelled",
            "isDeleted": false,
            "isSystem": true
        },
        {
            "journalTypeId": 344,
            "journalTypeDescription": "OneCall Transportation Referral Sent",
            "isDeleted": false,
            "isSystem": true
        },
        {
            "journalTypeId": 343,
            "journalTypeDescription": "FCE No Cover Page",
            "isDeleted": true,
            "isSystem": false
        },
        {
            "journalTypeId": 342,
            "journalTypeDescription": "BillFeed Data Error Report",
            "isDeleted": false,
            "isSystem": true
        },
        {
            "journalTypeId": 341,
            "journalTypeDescription": "FileType Changed",
            "isDeleted": false,
            "isSystem": true
        },
        {
            "journalTypeId": 340,
            "journalTypeDescription": "Detach File From Visit",
            "isDeleted": false,
            "isSystem": true
        },
        {
            "journalTypeId": 339,
            "journalTypeDescription": "Change DateOnDocument",
            "isDeleted": false,
            "isSystem": true
        },
        {
            "journalTypeId": 338,
            "journalTypeDescription": "Credit Voucher",
            "isDeleted": false,
            "isSystem": true
        },
        {
            "journalTypeId": 337,
            "journalTypeDescription": "Payment Voucher",
            "isDeleted": false,
            "isSystem": true
        },
        {
            "journalTypeId": 336,
            "journalTypeDescription": "Duplicate File ReAuth",
            "isDeleted": false,
            "isSystem": true
        },
        {
            "journalTypeId": 335,
            "journalTypeDescription": "Suggested/Requested Provider Change",
            "isDeleted": false,
            "isSystem": true
        },
        {
            "journalTypeId": 334,
            "journalTypeDescription": "Fac.ScheduleUpdate - Is Patient Scheduled?: Yes",
            "isDeleted": false,
            "isSystem": true
        },
        {
            "journalTypeId": 333,
            "journalTypeDescription": "Fac.ScheduleUpdate - Courtesy Scheduling?: Yes",
            "isDeleted": false,
            "isSystem": true
        },
        {
            "journalTypeId": 332,
            "journalTypeDescription": "Fac.ScheduleUpdate - Courtesy Scheduling?: No",
            "isDeleted": false,
            "isSystem": true
        },
        {
            "journalTypeId": 331,
            "journalTypeDescription": "Fac.ScheduleUpdate - Provider will Contact Patient",
            "isDeleted": false,
            "isSystem": true
        },
        {
            "journalTypeId": 330,
            "journalTypeDescription": "Fac.ScheduleUpdate - Attempted to Contact Patient",
            "isDeleted": false,
            "isSystem": true
        },
        {
            "journalTypeId": 329,
            "journalTypeDescription": "Exceeds DC Queue => Restore Referral",
            "isDeleted": false,
            "isSystem": true
        },
        {
            "journalTypeId": 328,
            "journalTypeDescription": "Ref.=> Discharge Reason Change",
            "isDeleted": false,
            "isSystem": false
        },
        {
            "journalTypeId": 327,
            "journalTypeDescription": "Req for Pending Rx – 2nd Request ",
            "isDeleted": false,
            "isSystem": true
        },
        {
            "journalTypeId": 326,
            "journalTypeDescription": "Req for Pending Rx – 1st Request",
            "isDeleted": false,
            "isSystem": true
        },
        {
            "journalTypeId": 325,
            "journalTypeDescription": "CR Outliers => Next CR Follow Up date change",
            "isDeleted": false,
            "isSystem": true
        },
        {
            "journalTypeId": 324,
            "journalTypeDescription": "CR Outliers => D/C Expected date change",
            "isDeleted": false,
            "isSystem": true
        },
        {
            "journalTypeId": 323,
            "journalTypeDescription": "Clinical D/C Follow Up",
            "isDeleted": false,
            "isSystem": false
        },
        {
            "journalTypeId": 322,
            "journalTypeDescription": "CS => Red.Auth-No Response Needed",
            "isDeleted": false,
            "isSystem": true
        },
        {
            "journalTypeId": 321,
            "journalTypeDescription": "NextMDAppointment Auto Delete",
            "isDeleted": false,
            "isSystem": true
        },
        {
            "journalTypeId": 320,
            "journalTypeDescription": "AutoReauthVoidProviderMDFileForward (#82) sent",
            "isDeleted": true,
            "isSystem": false
        },
        {
            "journalTypeId": 319,
            "journalTypeDescription": "Provider Set",
            "isDeleted": false,
            "isSystem": true
        },
        {
            "journalTypeId": 318,
            "journalTypeDescription": "Auto New Request Received Pending Documents Sent",
            "isDeleted": true,
            "isSystem": false
        },
        {
            "journalTypeId": 317,
            "journalTypeDescription": "Bill Errors DCN Auto Verified",
            "isDeleted": false,
            "isSystem": true
        },
        {
            "journalTypeId": 316,
            "journalTypeDescription": "Bill Errors DCN Emailed",
            "isDeleted": false,
            "isSystem": true
        },
        {
            "journalTypeId": 315,
            "journalTypeDescription": "Bill Errors DCN Exported To Note Mngmt",
            "isDeleted": false,
            "isSystem": true
        },
        {
            "journalTypeId": 314,
            "journalTypeDescription": "DC Expected",
            "isDeleted": false,
            "isSystem": true
        },
        {
            "journalTypeId": 313,
            "journalTypeDescription": "Updated Progress Note for UR Sent - Event 117",
            "isDeleted": true,
            "isSystem": false
        },
        {
            "journalTypeId": 312,
            "journalTypeDescription": "Auto Retro Billing Notification Sent",
            "isDeleted": true,
            "isSystem": false
        },
        {
            "journalTypeId": 311,
            "journalTypeDescription": "ADJ/CM Fax Issue",
            "isDeleted": false,
            "isSystem": false
        },
        {
            "journalTypeId": 310,
            "journalTypeDescription": "Provider Fax Issue",
            "isDeleted": false,
            "isSystem": false
        },
        {
            "journalTypeId": 309,
            "journalTypeDescription": "Fac.PatientUpdate - Note(s) Requested",
            "isDeleted": false,
            "isSystem": true
        },
        {
            "journalTypeId": 308,
            "journalTypeDescription": "CQI Record Deleted",
            "isDeleted": true,
            "isSystem": false
        },
        {
            "journalTypeId": 307,
            "journalTypeDescription": "Clinical GSR Peer Review Sent",
            "isDeleted": false,
            "isSystem": true
        },
        {
            "journalTypeId": 306,
            "journalTypeDescription": "GSR (III) Document Sent",
            "isDeleted": false,
            "isSystem": true
        },
        {
            "journalTypeId": 305,
            "journalTypeDescription": "GSE Document Sent",
            "isDeleted": false,
            "isSystem": true
        },
        {
            "journalTypeId": 304,
            "journalTypeDescription": "FCE No Show Fee",
            "isDeleted": false,
            "isSystem": false
        },
        {
            "journalTypeId": 303,
            "journalTypeDescription": "DOS auto Generated",
            "isDeleted": false,
            "isSystem": true
        },
        {
            "journalTypeId": 302,
            "journalTypeDescription": "Previous Provider Info (Cloned Ref)",
            "isDeleted": false,
            "isSystem": true
        },
        {
            "journalTypeId": 301,
            "journalTypeDescription": "CQI referral, Sent to Notes",
            "isDeleted": true,
            "isSystem": false
        },
        {
            "journalTypeId": 300,
            "journalTypeDescription": "CS => ToAssign From Notes Only",
            "isDeleted": false,
            "isSystem": true
        },
        {
            "journalTypeId": 299,
            "journalTypeDescription": "CS => ToAssign – Missing Info",
            "isDeleted": false,
            "isSystem": true
        },
        {
            "journalTypeId": 298,
            "journalTypeDescription": "CS => Notes Only Review – Assigned",
            "isDeleted": false,
            "isSystem": true
        },
        {
            "journalTypeId": 297,
            "journalTypeDescription": "CS => Unassigned",
            "isDeleted": false,
            "isSystem": true
        },
        {
            "journalTypeId": 296,
            "journalTypeDescription": "BodyPart/Injury Audit Confirmed",
            "isDeleted": false,
            "isSystem": true
        },
        {
            "journalTypeId": 295,
            "journalTypeDescription": "Re-Opened (USC Referral)",
            "isDeleted": false,
            "isSystem": false
        },
        {
            "journalTypeId": 294,
            "journalTypeDescription": "Payor Bill request",
            "isDeleted": false,
            "isSystem": false
        },
        {
            "journalTypeId": 293,
            "journalTypeDescription": "Payor Note Request",
            "isDeleted": false,
            "isSystem": false
        },
        {
            "journalTypeId": 292,
            "journalTypeDescription": "Note Verification",
            "isDeleted": false,
            "isSystem": true
        },
        {
            "journalTypeId": 291,
            "journalTypeDescription": "Auto Progress File Event (#101)",
            "isDeleted": false,
            "isSystem": true
        },
        {
            "journalTypeId": 290,
            "journalTypeDescription": "Referral Data Missing for Post",
            "isDeleted": false,
            "isSystem": true
        },
        {
            "journalTypeId": 289,
            "journalTypeDescription": "TASK Created",
            "isDeleted": false,
            "isSystem": true
        },
        {
            "journalTypeId": 288,
            "journalTypeDescription": "Fac.PatientUpdate - Request For Bill",
            "isDeleted": false,
            "isSystem": true
        },
        {
            "journalTypeId": 287,
            "journalTypeDescription": "Filler Note",
            "isDeleted": false,
            "isSystem": true
        },
        {
            "journalTypeId": 286,
            "journalTypeDescription": "Ref. Info",
            "isDeleted": true,
            "isSystem": false
        },
        {
            "journalTypeId": 285,
            "journalTypeDescription": "Missing Provider Bill Request",
            "isDeleted": true,
            "isSystem": false
        },
        {
            "journalTypeId": 284,
            "journalTypeDescription": "ReferrerCode Changed",
            "isDeleted": false,
            "isSystem": true
        },
        {
            "journalTypeId": 283,
            "journalTypeDescription": "USPS - Invisible Adjuster Contact (Stays Deleted)",
            "isDeleted": true,
            "isSystem": false
        },
        {
            "journalTypeId": 282,
            "journalTypeDescription": "Employer",
            "isDeleted": false,
            "isSystem": false
        },
        {
            "journalTypeId": 281,
            "journalTypeDescription": "Duplicate File MD Notes",
            "isDeleted": false,
            "isSystem": true
        },
        {
            "journalTypeId": 280,
            "journalTypeDescription": "Duplicate File Progress",
            "isDeleted": false,
            "isSystem": true
        },
        {
            "journalTypeId": 279,
            "journalTypeDescription": "Duplicate File New RX",
            "isDeleted": false,
            "isSystem": true
        },
        {
            "journalTypeId": 278,
            "journalTypeDescription": "Duplicate File Eval",
            "isDeleted": false,
            "isSystem": true
        },
        {
            "journalTypeId": 277,
            "journalTypeDescription": "Duplicate File Visit",
            "isDeleted": false,
            "isSystem": true
        },
        {
            "journalTypeId": 276,
            "journalTypeDescription": "Fac.PatientUpdate - DOS (OA) Status Update - Y",
            "isDeleted": false,
            "isSystem": true
        },
        {
            "journalTypeId": 275,
            "journalTypeDescription": "Fac.PatientUpdate - DOS (OA) Status Update - M",
            "isDeleted": false,
            "isSystem": true
        },
        {
            "journalTypeId": 274,
            "journalTypeDescription": "Provider Complaint Resolved",
            "isDeleted": false,
            "isSystem": false
        },
        {
            "journalTypeId": 273,
            "journalTypeDescription": "Provider Complaint Submitted",
            "isDeleted": false,
            "isSystem": true
        },
        {
            "journalTypeId": 272,
            "journalTypeDescription": "Denied Bills",
            "isDeleted": false,
            "isSystem": false
        },
        {
            "journalTypeId": 271,
            "journalTypeDescription": "Related Referral Update (Link/UnLink)",
            "isDeleted": false,
            "isSystem": true
        },
        {
            "journalTypeId": 270,
            "journalTypeDescription": "Fac.PatientUpdate - DOS Updated",
            "isDeleted": false,
            "isSystem": true
        },
        {
            "journalTypeId": 269,
            "journalTypeDescription": "Auto Attended Over 24 Visits Notification Sent",
            "isDeleted": true,
            "isSystem": false
        },
        {
            "journalTypeId": 268,
            "journalTypeDescription": "Transport and Language Contact",
            "isDeleted": false,
            "isSystem": false
        },
        {
            "journalTypeId": 267,
            "journalTypeDescription": "Restricted Access to Referral",
            "isDeleted": false,
            "isSystem": true
        },
        {
            "journalTypeId": 266,
            "journalTypeDescription": "AUTH Updated",
            "isDeleted": false,
            "isSystem": true
        },
        {
            "journalTypeId": 265,
            "journalTypeDescription": "Bills -to- Image1",
            "isDeleted": false,
            "isSystem": false
        },
        {
            "journalTypeId": 264,
            "journalTypeDescription": "ReAuth=> UR Pending Decision After Requests",
            "isDeleted": false,
            "isSystem": true
        },
        {
            "journalTypeId": 263,
            "journalTypeDescription": "ReAuth=> Pending Decision After Requests",
            "isDeleted": false,
            "isSystem": true
        },
        {
            "journalTypeId": 262,
            "journalTypeDescription": "Fac.PatientUpdate - Discharge Summary Request",
            "isDeleted": false,
            "isSystem": true
        },
        {
            "journalTypeId": 261,
            "journalTypeDescription": "Fac.PatientUpdate - Context & Notes",
            "isDeleted": false,
            "isSystem": true
        },
        {
            "journalTypeId": 260,
            "journalTypeDescription": "Fac.PatientUpdate - Advised New Rx Pending",
            "isDeleted": false,
            "isSystem": true
        },
        {
            "journalTypeId": 259,
            "journalTypeDescription": "Fac.PatientUpdate - Eval Note Requested",
            "isDeleted": false,
            "isSystem": true
        },
        {
            "journalTypeId": 258,
            "journalTypeDescription": "Fac.PatientUpdate - Report Request",
            "isDeleted": false,
            "isSystem": true
        },
        {
            "journalTypeId": 257,
            "journalTypeDescription": "Fac.PatientUpdate - No req for add. auth, d/c?",
            "isDeleted": false,
            "isSystem": true
        },
        {
            "journalTypeId": 256,
            "journalTypeDescription": "Fac.PatientUpdate - DOS Added - Y",
            "isDeleted": false,
            "isSystem": true
        },
        {
            "journalTypeId": 255,
            "journalTypeDescription": "Fac.PatientUpdate - DOS Added - M",
            "isDeleted": false,
            "isSystem": true
        },
        {
            "journalTypeId": 254,
            "journalTypeDescription": "Fac.PatientUpdate - DOS Status Update - Y",
            "isDeleted": false,
            "isSystem": true
        },
        {
            "journalTypeId": 253,
            "journalTypeDescription": "Fac.PatientUpdate - DOS Status Update - M",
            "isDeleted": false,
            "isSystem": true
        },
        {
            "journalTypeId": 252,
            "journalTypeDescription": "Fac.PatientUpdate - Notification of Pending Auth",
            "isDeleted": false,
            "isSystem": true
        },
        {
            "journalTypeId": 251,
            "journalTypeDescription": "Fac.PatientUpdate - Progress Summary Request",
            "isDeleted": false,
            "isSystem": true
        },
        {
            "journalTypeId": 250,
            "journalTypeDescription": "Payor Notification of Provider Auth Sent",
            "isDeleted": false,
            "isSystem": true
        },
        {
            "journalTypeId": 249,
            "journalTypeDescription": "Auth Doc Sent to Provider",
            "isDeleted": false,
            "isSystem": true
        },
        {
            "journalTypeId": 248,
            "journalTypeDescription": "Auto Auth Payor Notification Completed",
            "isDeleted": false,
            "isSystem": true
        },
        {
            "journalTypeId": 247,
            "journalTypeDescription": "Auto Send Visits Not Authorized",
            "isDeleted": false,
            "isSystem": true
        },
        {
            "journalTypeId": 246,
            "journalTypeDescription": "Cover Page",
            "isDeleted": false,
            "isSystem": true
        },
        {
            "journalTypeId": 245,
            "journalTypeDescription": "File WCWH Prog. Sum. Review",
            "isDeleted": false,
            "isSystem": true
        },
        {
            "journalTypeId": 244,
            "journalTypeDescription": "File WCWH Init. Eval. Review",
            "isDeleted": false,
            "isSystem": true
        },
        {
            "journalTypeId": 243,
            "journalTypeDescription": "File WCWH Ref. Pre Screen",
            "isDeleted": false,
            "isSystem": true
        },
        {
            "journalTypeId": 242,
            "journalTypeDescription": "Correction Check Processed",
            "isDeleted": false,
            "isSystem": false
        },
        {
            "journalTypeId": 241,
            "journalTypeDescription": "Credit Taken",
            "isDeleted": false,
            "isSystem": false
        },
        {
            "journalTypeId": 240,
            "journalTypeDescription": "Unposted Referral Inquiry",
            "isDeleted": false,
            "isSystem": false
        },
        {
            "journalTypeId": 239,
            "journalTypeDescription": "Two Auth Remaining Notification",
            "isDeleted": false,
            "isSystem": true
        },
        {
            "journalTypeId": 238,
            "journalTypeDescription": "File Req. Additional Info.",
            "isDeleted": false,
            "isSystem": true
        },
        {
            "journalTypeId": 237,
            "journalTypeDescription": "File Non-Cert Letter",
            "isDeleted": false,
            "isSystem": true
        },
        {
            "journalTypeId": 236,
            "journalTypeDescription": "Auto Reauth Void Payor Notification - File Forward",
            "isDeleted": true,
            "isSystem": false
        },
        {
            "journalTypeId": 235,
            "journalTypeDescription": "Auth Confirmed despite previous denial",
            "isDeleted": false,
            "isSystem": true
        },
        {
            "journalTypeId": 234,
            "journalTypeDescription": "CS => WC/WH",
            "isDeleted": false,
            "isSystem": true
        },
        {
            "journalTypeId": 233,
            "journalTypeDescription": "CS => Independent Clinical Review",
            "isDeleted": false,
            "isSystem": true
        },
        {
            "journalTypeId": 232,
            "journalTypeDescription": "Referral HasStackedAuth Change",
            "isDeleted": false,
            "isSystem": true
        },
        {
            "journalTypeId": 231,
            "journalTypeDescription": "Industrial - Provider Verbal Req. for Prog Summary",
            "isDeleted": true,
            "isSystem": false
        },
        {
            "journalTypeId": 230,
            "journalTypeDescription": "Ref=>Surgical",
            "isDeleted": false,
            "isSystem": true
        },
        {
            "journalTypeId": 229,
            "journalTypeDescription": "Ref=>Pending Auth",
            "isDeleted": false,
            "isSystem": true
        },
        {
            "journalTypeId": 228,
            "journalTypeDescription": "Email Message Edited",
            "isDeleted": false,
            "isSystem": true
        },
        {
            "journalTypeId": 227,
            "journalTypeDescription": "Auto Moved to Clinical bc of Guideline ",
            "isDeleted": false,
            "isSystem": true
        },
        {
            "journalTypeId": 226,
            "journalTypeDescription": "Customer Relation",
            "isDeleted": false,
            "isSystem": false
        },
        {
            "journalTypeId": 225,
            "journalTypeDescription": "Re Auth Follow Up Email Sent",
            "isDeleted": true,
            "isSystem": false
        },
        {
            "journalTypeId": 224,
            "journalTypeDescription": "Eval Billing Contact 30 Day Notification Sent",
            "isDeleted": false,
            "isSystem": true
        },
        {
            "journalTypeId": 223,
            "journalTypeDescription": "Eval Billing Contact Notification Sent",
            "isDeleted": false,
            "isSystem": true
        },
        {
            "journalTypeId": 222,
            "journalTypeDescription": "Claim Feed Search",
            "isDeleted": false,
            "isSystem": true
        },
        {
            "journalTypeId": 221,
            "journalTypeDescription": "Auth. Ext. Needed",
            "isDeleted": false,
            "isSystem": false
        },
        {
            "journalTypeId": 220,
            "journalTypeDescription": "HCN Value Changed",
            "isDeleted": false,
            "isSystem": true
        },
        {
            "journalTypeId": 219,
            "journalTypeDescription": "State Documentation File",
            "isDeleted": false,
            "isSystem": true
        },
        {
            "journalTypeId": 218,
            "journalTypeDescription": "Misc. Visit File",
            "isDeleted": false,
            "isSystem": true
        },
        {
            "journalTypeId": 217,
            "journalTypeDescription": "MD appt PS note attempt",
            "isDeleted": false,
            "isSystem": false
        },
        {
            "journalTypeId": 216,
            "journalTypeDescription": "UR Contact",
            "isDeleted": false,
            "isSystem": false
        },
        {
            "journalTypeId": 215,
            "journalTypeDescription": "Adjuster CM CC On UR Event",
            "isDeleted": true,
            "isSystem": true
        },
        {
            "journalTypeId": 214,
            "journalTypeDescription": "File Flow Sheet",
            "isDeleted": false,
            "isSystem": true
        },
        {
            "journalTypeId": 213,
            "journalTypeDescription": "Email Message Deleted",
            "isDeleted": false,
            "isSystem": true
        },
        {
            "journalTypeId": 212,
            "journalTypeDescription": "Provider Contact Attempt",
            "isDeleted": false,
            "isSystem": false
        },
        {
            "journalTypeId": 211,
            "journalTypeDescription": "Industrial Intake",
            "isDeleted": true,
            "isSystem": false
        },
        {
            "journalTypeId": 210,
            "journalTypeDescription": "Adjuster/CM Authorized",
            "isDeleted": false,
            "isSystem": true
        },
        {
            "journalTypeId": 209,
            "journalTypeDescription": "Email Message Sent",
            "isDeleted": false,
            "isSystem": true
        },
        {
            "journalTypeId": 208,
            "journalTypeDescription": "Three & Out Re Auth Notification",
            "isDeleted": false,
            "isSystem": true
        },
        {
            "journalTypeId": 207,
            "journalTypeDescription": "Unposted Patient Information Request Event",
            "isDeleted": false,
            "isSystem": true
        },
        {
            "journalTypeId": 206,
            "journalTypeDescription": "Scheduled Patient",
            "isDeleted": false,
            "isSystem": false
        },
        {
            "journalTypeId": 205,
            "journalTypeDescription": "Email Message Intercepted",
            "isDeleted": false,
            "isSystem": true
        },
        {
            "journalTypeId": 204,
            "journalTypeDescription": "ReAuth=>UR 2nd Req. Sent",
            "isDeleted": false,
            "isSystem": true
        },
        {
            "journalTypeId": 203,
            "journalTypeDescription": "ReAuth=>UR 1st Req. Sent",
            "isDeleted": false,
            "isSystem": true
        },
        {
            "journalTypeId": 202,
            "journalTypeDescription": "ReAuth=>UR Needs Auth",
            "isDeleted": false,
            "isSystem": true
        },
        {
            "journalTypeId": 201,
            "journalTypeDescription": "File New RX - DME",
            "isDeleted": false,
            "isSystem": true
        },
        {
            "journalTypeId": 200,
            "journalTypeDescription": "Auto Send Provider Re-Auth Status Fax",
            "isDeleted": true,
            "isSystem": false
        },
        {
            "journalTypeId": 199,
            "journalTypeDescription": "Auth. Confirmation From Payor",
            "isDeleted": false,
            "isSystem": false
        },
        {
            "journalTypeId": 198,
            "journalTypeDescription": "Task Deleted",
            "isDeleted": false,
            "isSystem": true
        },
        {
            "journalTypeId": 197,
            "journalTypeDescription": "TC Contact",
            "isDeleted": false,
            "isSystem": false
        },
        {
            "journalTypeId": 196,
            "journalTypeDescription": "New CM2 Addition Pending",
            "isDeleted": false,
            "isSystem": false
        },
        {
            "journalTypeId": 195,
            "journalTypeDescription": "Possess RX ",
            "isDeleted": false,
            "isSystem": true
        },
        {
            "journalTypeId": 194,
            "journalTypeDescription": "RX RQST ADJ",
            "isDeleted": false,
            "isSystem": true
        },
        {
            "journalTypeId": 193,
            "journalTypeDescription": "Manual RX Fax Request",
            "isDeleted": false,
            "isSystem": true
        },
        {
            "journalTypeId": 192,
            "journalTypeDescription": "RX RQST Provider",
            "isDeleted": false,
            "isSystem": true
        },
        {
            "journalTypeId": 191,
            "journalTypeDescription": "RX RQST MD 2",
            "isDeleted": false,
            "isSystem": true
        },
        {
            "journalTypeId": 190,
            "journalTypeDescription": "RX RQST MD 1",
            "isDeleted": false,
            "isSystem": true
        },
        {
            "journalTypeId": 189,
            "journalTypeDescription": "Misc. Clinical File",
            "isDeleted": false,
            "isSystem": true
        },
        {
            "journalTypeId": 188,
            "journalTypeDescription": "File Eval Note MD Signed",
            "isDeleted": false,
            "isSystem": true
        },
        {
            "journalTypeId": 187,
            "journalTypeDescription": "File Signed Eval",
            "isDeleted": false,
            "isSystem": true
        },
        {
            "journalTypeId": 186,
            "journalTypeDescription": "Auto Ref Status With Progress File Event (#11)",
            "isDeleted": false,
            "isSystem": true
        },
        {
            "journalTypeId": 185,
            "journalTypeDescription": "Manual Referral Status With Progress File (#11)",
            "isDeleted": false,
            "isSystem": true
        },
        {
            "journalTypeId": 184,
            "journalTypeDescription": "Internal Re-Auth Manual Status Change Alert",
            "isDeleted": false,
            "isSystem": true
        },
        {
            "journalTypeId": 183,
            "journalTypeDescription": "Sent SRA Pdf Document to Provider",
            "isDeleted": false,
            "isSystem": true
        },
        {
            "journalTypeId": 182,
            "journalTypeDescription": "File Independent Clinical Review",
            "isDeleted": false,
            "isSystem": true
        },
        {
            "journalTypeId": 181,
            "journalTypeDescription": "File Ergo/Onsite",
            "isDeleted": false,
            "isSystem": true
        },
        {
            "journalTypeId": 180,
            "journalTypeDescription": "Clinical Review => Eval Comp. Status w/ 14 Day Gap",
            "isDeleted": false,
            "isSystem": true
        },
        {
            "journalTypeId": 179,
            "journalTypeDescription": "Re-Auth => Eval Completed Status w/ 14 Day Gap",
            "isDeleted": false,
            "isSystem": true
        },
        {
            "journalTypeId": 178,
            "journalTypeDescription": "User Selected Closed Claim",
            "isDeleted": true,
            "isSystem": false
        },
        {
            "journalTypeId": 177,
            "journalTypeDescription": "Align Claim Feed # Changed",
            "isDeleted": false,
            "isSystem": false
        },
        {
            "journalTypeId": 176,
            "journalTypeDescription": "Auto UR Follow Up Email Event",
            "isDeleted": false,
            "isSystem": true
        },
        {
            "journalTypeId": 175,
            "journalTypeDescription": "Auto Send Referral Status Event (#3)",
            "isDeleted": false,
            "isSystem": true
        },
        {
            "journalTypeId": 174,
            "journalTypeDescription": "User Over ride on ClaimFeed Payor Status Code",
            "isDeleted": false,
            "isSystem": false
        },
        {
            "journalTypeId": 173,
            "journalTypeDescription": "New Referral Receipt Notification Email",
            "isDeleted": false,
            "isSystem": true
        },
        {
            "journalTypeId": 172,
            "journalTypeDescription": "Auto Re-Auth Follow Up Email Event",
            "isDeleted": false,
            "isSystem": true
        },
        {
            "journalTypeId": 171,
            "journalTypeDescription": "Auto Clinical Follow Up Email Event",
            "isDeleted": false,
            "isSystem": true
        },
        {
            "journalTypeId": 170,
            "journalTypeDescription": "New Ref. Fax \r\r\nFile",
            "isDeleted": false,
            "isSystem": true
        },
        {
            "journalTypeId": 169,
            "journalTypeDescription": "Auto Physician RX Req. Attempt 2",
            "isDeleted": false,
            "isSystem": true
        },
        {
            "journalTypeId": 168,
            "journalTypeDescription": "Auto Physician RX Req. Attempt 1",
            "isDeleted": false,
            "isSystem": true
        },
        {
            "journalTypeId": 167,
            "journalTypeDescription": "Internal Re-Auth File Received Email Notification",
            "isDeleted": false,
            "isSystem": true
        },
        {
            "journalTypeId": 166,
            "journalTypeDescription": "Email Attended Over Auth.",
            "isDeleted": false,
            "isSystem": true
        },
        {
            "journalTypeId": 165,
            "journalTypeDescription": "CS => Submitted",
            "isDeleted": false,
            "isSystem": true
        },
        {
            "journalTypeId": 164,
            "journalTypeDescription": "CS => Cancelled",
            "isDeleted": false,
            "isSystem": true
        },
        {
            "journalTypeId": 163,
            "journalTypeDescription": "CS => Assigned",
            "isDeleted": false,
            "isSystem": true
        },
        {
            "journalTypeId": 162,
            "journalTypeDescription": "AdjCM Daily Update",
            "isDeleted": false,
            "isSystem": true
        },
        {
            "journalTypeId": 161,
            "journalTypeDescription": "Prog Rq 4th Call",
            "isDeleted": false,
            "isSystem": true
        },
        {
            "journalTypeId": 160,
            "journalTypeDescription": "Original RX",
            "isDeleted": false,
            "isSystem": false
        },
        {
            "journalTypeId": 159,
            "journalTypeDescription": "Non-Contact / No Email Event",
            "isDeleted": false,
            "isSystem": true
        },
        {
            "journalTypeId": 158,
            "journalTypeDescription": "Ref.=>Retro",
            "isDeleted": false,
            "isSystem": true
        },
        {
            "journalTypeId": 157,
            "journalTypeDescription": "ReAuth=>Pending MD Notes",
            "isDeleted": false,
            "isSystem": true
        },
        {
            "journalTypeId": 156,
            "journalTypeDescription": "Email.No Review ReAuthRq",
            "isDeleted": false,
            "isSystem": true
        },
        {
            "journalTypeId": 155,
            "journalTypeDescription": "Referral Data Modified",
            "isDeleted": false,
            "isSystem": true
        },
        {
            "journalTypeId": 154,
            "journalTypeDescription": "Deleted Email",
            "isDeleted": false,
            "isSystem": true
        },
        {
            "journalTypeId": 153,
            "journalTypeDescription": "Deleted File",
            "isDeleted": false,
            "isSystem": true
        },
        {
            "journalTypeId": 152,
            "journalTypeDescription": "Fax.JobDescriptFile",
            "isDeleted": false,
            "isSystem": true
        },
        {
            "journalTypeId": 151,
            "journalTypeDescription": "Eval Re-Sched.",
            "isDeleted": false,
            "isSystem": true
        },
        {
            "journalTypeId": 150,
            "journalTypeDescription": "CS => Revised POC Pending",
            "isDeleted": false,
            "isSystem": true
        },
        {
            "journalTypeId": 149,
            "journalTypeDescription": "New RX Request 3",
            "isDeleted": true,
            "isSystem": false
        },
        {
            "journalTypeId": 148,
            "journalTypeDescription": "New RX Request 2",
            "isDeleted": true,
            "isSystem": false
        },
        {
            "journalTypeId": 147,
            "journalTypeDescription": "New RX Request 1",
            "isDeleted": true,
            "isSystem": false
        },
        {
            "journalTypeId": 146,
            "journalTypeDescription": "FirstComp.CA.Authorization Email",
            "isDeleted": true,
            "isSystem": false
        },
        {
            "journalTypeId": 145,
            "journalTypeDescription": "Eval Missed Email Event",
            "isDeleted": true,
            "isSystem": false
        },
        {
            "journalTypeId": 144,
            "journalTypeDescription": "Fax.RXFile",
            "isDeleted": false,
            "isSystem": true
        },
        {
            "journalTypeId": 143,
            "journalTypeDescription": "Email.OneCall.Disch.Note",
            "isDeleted": false,
            "isSystem": true
        },
        {
            "journalTypeId": 142,
            "journalTypeDescription": "Align Eval File",
            "isDeleted": false,
            "isSystem": true
        },
        {
            "journalTypeId": 141,
            "journalTypeDescription": "Align Discharge File",
            "isDeleted": false,
            "isSystem": true
        },
        {
            "journalTypeId": 140,
            "journalTypeDescription": "14 Day Schedule Gap Reason",
            "isDeleted": true,
            "isSystem": false
        },
        {
            "journalTypeId": 139,
            "journalTypeDescription": "Declined Move To Clinical",
            "isDeleted": false,
            "isSystem": false
        },
        {
            "journalTypeId": 138,
            "journalTypeDescription": "Ref=> New Rx Pending",
            "isDeleted": false,
            "isSystem": true
        },
        {
            "journalTypeId": 137,
            "journalTypeDescription": "Progress Note Request (Manual)",
            "isDeleted": true,
            "isSystem": false
        },
        {
            "journalTypeId": 136,
            "journalTypeDescription": "Eval Note Req. (Manual)",
            "isDeleted": true,
            "isSystem": false
        },
        {
            "journalTypeId": 135,
            "journalTypeDescription": "Prog Call 1",
            "isDeleted": true,
            "isSystem": false
        },
        {
            "journalTypeId": 134,
            "journalTypeDescription": "CS => Red.Auth-No Pyr Agree",
            "isDeleted": false,
            "isSystem": true
        },
        {
            "journalTypeId": 133,
            "journalTypeDescription": "CS => Red.Auth-Pyr Agree",
            "isDeleted": false,
            "isSystem": true
        },
        {
            "journalTypeId": 132,
            "journalTypeDescription": "Post.Dup.Patient",
            "isDeleted": false,
            "isSystem": true
        },
        {
            "journalTypeId": 131,
            "journalTypeDescription": "FacilityChange",
            "isDeleted": false,
            "isSystem": true
        },
        {
            "journalTypeId": 130,
            "journalTypeDescription": "UR.Email.Cancel",
            "isDeleted": false,
            "isSystem": true
        },
        {
            "journalTypeId": 129,
            "journalTypeDescription": "Complaint against Provider",
            "isDeleted": false,
            "isSystem": false
        },
        {
            "journalTypeId": 128,
            "journalTypeDescription": "Ref.Adj.Change",
            "isDeleted": false,
            "isSystem": true
        },
        {
            "journalTypeId": 127,
            "journalTypeDescription": "Ref.InfoChange",
            "isDeleted": false,
            "isSystem": true
        },
        {
            "journalTypeId": 126,
            "journalTypeDescription": "Auth Deleted",
            "isDeleted": false,
            "isSystem": true
        },
        {
            "journalTypeId": 125,
            "journalTypeDescription": "RX Deleted",
            "isDeleted": false,
            "isSystem": true
        },
        {
            "journalTypeId": 124,
            "journalTypeDescription": "Auto Fax Mis. Visit Note Req.",
            "isDeleted": false,
            "isSystem": true
        },
        {
            "journalTypeId": 123,
            "journalTypeDescription": "Auto Fax Dis Sum Final",
            "isDeleted": false,
            "isSystem": true
        },
        {
            "journalTypeId": 122,
            "journalTypeDescription": "Auto Fax Dis Sum Second",
            "isDeleted": false,
            "isSystem": true
        },
        {
            "journalTypeId": 121,
            "journalTypeDescription": "Auto Fax Dis Sum Request",
            "isDeleted": false,
            "isSystem": true
        },
        {
            "journalTypeId": 120,
            "journalTypeDescription": "ReAuth=>Ext. Needed",
            "isDeleted": false,
            "isSystem": true
        },
        {
            "journalTypeId": 119,
            "journalTypeDescription": "Prov.ReAuth.Stat",
            "isDeleted": true,
            "isSystem": false
        },
        {
            "journalTypeId": 118,
            "journalTypeDescription": "AUTO Pat. Up. Req.",
            "isDeleted": true,
            "isSystem": false
        },
        {
            "journalTypeId": 117,
            "journalTypeDescription": "PROGRESS_NON_COMPL",
            "isDeleted": true,
            "isSystem": false
        },
        {
            "journalTypeId": 116,
            "journalTypeDescription": "Prog Rq 3rd Call",
            "isDeleted": false,
            "isSystem": true
        },
        {
            "journalTypeId": 115,
            "journalTypeDescription": "Prog Rq 2nd Fax",
            "isDeleted": false,
            "isSystem": true
        },
        {
            "journalTypeId": 114,
            "journalTypeDescription": "Prog Rq 1st Fax",
            "isDeleted": false,
            "isSystem": true
        },
        {
            "journalTypeId": 113,
            "journalTypeDescription": "File MD Review",
            "isDeleted": false,
            "isSystem": true
        },
        {
            "journalTypeId": 112,
            "journalTypeDescription": "File MD Notes",
            "isDeleted": false,
            "isSystem": true
        },
        {
            "journalTypeId": 111,
            "journalTypeDescription": "CS => MD Review",
            "isDeleted": false,
            "isSystem": true
        },
        {
            "journalTypeId": 110,
            "journalTypeDescription": "CS => On Going",
            "isDeleted": false,
            "isSystem": true
        },
        {
            "journalTypeId": 109,
            "journalTypeDescription": "CS => DC Plan",
            "isDeleted": false,
            "isSystem": true
        },
        {
            "journalTypeId": 108,
            "journalTypeDescription": "CS => Reduce Auth",
            "isDeleted": false,
            "isSystem": true
        },
        {
            "journalTypeId": 107,
            "journalTypeDescription": "ReAuth=>DME",
            "isDeleted": false,
            "isSystem": true
        },
        {
            "journalTypeId": 106,
            "journalTypeDescription": "Claims.Status",
            "isDeleted": false,
            "isSystem": false
        },
        {
            "journalTypeId": 105,
            "journalTypeDescription": "Manual.Billing",
            "isDeleted": false,
            "isSystem": false
        },
        {
            "journalTypeId": 104,
            "journalTypeDescription": "File Job Desc.",
            "isDeleted": false,
            "isSystem": true
        },
        {
            "journalTypeId": 103,
            "journalTypeDescription": "SRA=>FS.Void",
            "isDeleted": false,
            "isSystem": true
        },
        {
            "journalTypeId": 102,
            "journalTypeDescription": "SRA=>In.Prog.",
            "isDeleted": false,
            "isSystem": true
        },
        {
            "journalTypeId": 101,
            "journalTypeDescription": "SRA=>Completed",
            "isDeleted": false,
            "isSystem": true
        },
        {
            "journalTypeId": 100,
            "journalTypeDescription": "SRA=>Verbal",
            "isDeleted": false,
            "isSystem": true
        },
        {
            "journalTypeId": 99,
            "journalTypeDescription": "SRA=>Left.Msg",
            "isDeleted": false,
            "isSystem": true
        },
        {
            "journalTypeId": 98,
            "journalTypeDescription": "SRA=>Needs.SRA",
            "isDeleted": false,
            "isSystem": true
        },
        {
            "journalTypeId": 97,
            "journalTypeDescription": "SRA=>Urgent",
            "isDeleted": false,
            "isSystem": true
        },
        {
            "journalTypeId": 96,
            "journalTypeDescription": "ReAuth=>Denied",
            "isDeleted": false,
            "isSystem": true
        },
        {
            "journalTypeId": 95,
            "journalTypeDescription": "ReAuth=>Auth.Rcvd",
            "isDeleted": false,
            "isSystem": true
        },
        {
            "journalTypeId": 94,
            "journalTypeDescription": "ReAuth=>Internal.Auth",
            "isDeleted": false,
            "isSystem": true
        },
        {
            "journalTypeId": 93,
            "journalTypeDescription": "ReAuth=>Payor.UR",
            "isDeleted": false,
            "isSystem": true
        },
        {
            "journalTypeId": 92,
            "journalTypeDescription": "ReAuth=>2nd.Req.Sent",
            "isDeleted": false,
            "isSystem": true
        },
        {
            "journalTypeId": 91,
            "journalTypeDescription": "ReAuth=>1st.Req.Sent",
            "isDeleted": false,
            "isSystem": true
        },
        {
            "journalTypeId": 90,
            "journalTypeDescription": "ReAuth=>Needs.Auth",
            "isDeleted": false,
            "isSystem": true
        },
        {
            "journalTypeId": 89,
            "journalTypeDescription": "Ref.Needs.Auth 1st",
            "isDeleted": false,
            "isSystem": true
        },
        {
            "journalTypeId": 88,
            "journalTypeDescription": "Attorney Contact",
            "isDeleted": false,
            "isSystem": false
        },
        {
            "journalTypeId": 87,
            "journalTypeDescription": "MGT",
            "isDeleted": false,
            "isSystem": false
        },
        {
            "journalTypeId": 86,
            "journalTypeDescription": "Email.Ref.Confirm.",
            "isDeleted": false,
            "isSystem": false
        },
        {
            "journalTypeId": 85,
            "journalTypeDescription": "Ref.Entered",
            "isDeleted": false,
            "isSystem": true
        },
        {
            "journalTypeId": 84,
            "journalTypeDescription": "CS => To Assign",
            "isDeleted": false,
            "isSystem": true
        },
        {
            "journalTypeId": 83,
            "journalTypeDescription": "Email.ReAuthRq",
            "isDeleted": false,
            "isSystem": true
        },
        {
            "journalTypeId": 82,
            "journalTypeDescription": "Confirm.Bill.Addr",
            "isDeleted": true,
            "isSystem": false
        },
        {
            "journalTypeId": 81,
            "journalTypeDescription": "File ReAuth",
            "isDeleted": false,
            "isSystem": true
        },
        {
            "journalTypeId": 80,
            "journalTypeDescription": "Received.PT.Update",
            "isDeleted": false,
            "isSystem": false
        },
        {
            "journalTypeId": 79,
            "journalTypeDescription": "Prog.Sum.Rq.",
            "isDeleted": true,
            "isSystem": false
        },
        {
            "journalTypeId": 78,
            "journalTypeDescription": "Email.Prog.File",
            "isDeleted": false,
            "isSystem": true
        },
        {
            "journalTypeId": 77,
            "journalTypeDescription": "RE-Auth",
            "isDeleted": false,
            "isSystem": false
        },
        {
            "journalTypeId": 76,
            "journalTypeDescription": "UR/pre-cert",
            "isDeleted": false,
            "isSystem": true
        },
        {
            "journalTypeId": 75,
            "journalTypeDescription": "Non Billable",
            "isDeleted": false,
            "isSystem": true
        },
        {
            "journalTypeId": 74,
            "journalTypeDescription": "Bill.Err.Rep",
            "isDeleted": false,
            "isSystem": false
        },
        {
            "journalTypeId": 73,
            "journalTypeDescription": "Bill Note",
            "isDeleted": false,
            "isSystem": true
        },
        {
            "journalTypeId": 72,
            "journalTypeDescription": "Ref.=>SRA",
            "isDeleted": false,
            "isSystem": true
        },
        {
            "journalTypeId": 71,
            "journalTypeDescription": "Ref.=> Clinical Review",
            "isDeleted": false,
            "isSystem": true
        },
        {
            "journalTypeId": 70,
            "journalTypeDescription": "RX.REC.",
            "isDeleted": false,
            "isSystem": false
        },
        {
            "journalTypeId": 69,
            "journalTypeDescription": "Email.Clinical",
            "isDeleted": false,
            "isSystem": true
        },
        {
            "journalTypeId": 68,
            "journalTypeDescription": "Email.Clinical.Note",
            "isDeleted": false,
            "isSystem": true
        },
        {
            "journalTypeId": 67,
            "journalTypeDescription": "Email.Disch.Note",
            "isDeleted": false,
            "isSystem": true
        },
        {
            "journalTypeId": 66,
            "journalTypeDescription": "Email.Discharge",
            "isDeleted": false,
            "isSystem": true
        },
        {
            "journalTypeId": 65,
            "journalTypeDescription": "Email.Eval.Cmpt",
            "isDeleted": false,
            "isSystem": true
        },
        {
            "journalTypeId": 64,
            "journalTypeDescription": "Sent.Ltr",
            "isDeleted": false,
            "isSystem": false
        },
        {
            "journalTypeId": 63,
            "journalTypeDescription": "UR.Req",
            "isDeleted": false,
            "isSystem": true
        },
        {
            "journalTypeId": 62,
            "journalTypeDescription": "CS => To Treating MD",
            "isDeleted": false,
            "isSystem": true
        },
        {
            "journalTypeId": 61,
            "journalTypeDescription": "CS => Needs Review",
            "isDeleted": false,
            "isSystem": true
        },
        {
            "journalTypeId": 60,
            "journalTypeDescription": "SRA Note",
            "isDeleted": false,
            "isSystem": false
        },
        {
            "journalTypeId": 59,
            "journalTypeDescription": "CS => Waiting PS",
            "isDeleted": false,
            "isSystem": true
        },
        {
            "journalTypeId": 58,
            "journalTypeDescription": "CS => Provider Call",
            "isDeleted": false,
            "isSystem": true
        },
        {
            "journalTypeId": 57,
            "journalTypeDescription": "CS => In Progress",
            "isDeleted": false,
            "isSystem": true
        },
        {
            "journalTypeId": 56,
            "journalTypeDescription": "CS => FCE Review",
            "isDeleted": false,
            "isSystem": true
        },
        {
            "journalTypeId": 55,
            "journalTypeDescription": "CS => Complete",
            "isDeleted": false,
            "isSystem": true
        },
        {
            "journalTypeId": 54,
            "journalTypeDescription": "CS => N/A",
            "isDeleted": false,
            "isSystem": true
        },
        {
            "journalTypeId": 53,
            "journalTypeDescription": "Ref.=> Wait Dischrg Note",
            "isDeleted": false,
            "isSystem": true
        },
        {
            "journalTypeId": 52,
            "journalTypeDescription": "Ref.=> Wait Auth Note",
            "isDeleted": false,
            "isSystem": true
        },
        {
            "journalTypeId": 51,
            "journalTypeDescription": "Ref.=> Eval Complete",
            "isDeleted": false,
            "isSystem": true
        },
        {
            "journalTypeId": 50,
            "journalTypeDescription": "Ref.=> Eval UnComplete",
            "isDeleted": false,
            "isSystem": true
        },
        {
            "journalTypeId": 49,
            "journalTypeDescription": "Ref.=> Eval To Sched.",
            "isDeleted": false,
            "isSystem": true
        },
        {
            "journalTypeId": 48,
            "journalTypeDescription": "HCFA File",
            "isDeleted": false,
            "isSystem": true
        },
        {
            "journalTypeId": 47,
            "journalTypeDescription": "Patient Letter File",
            "isDeleted": false,
            "isSystem": true
        },
        {
            "journalTypeId": 46,
            "journalTypeDescription": "File Clinical",
            "isDeleted": false,
            "isSystem": true
        },
        {
            "journalTypeId": 45,
            "journalTypeDescription": "File Progress",
            "isDeleted": false,
            "isSystem": true
        },
        {
            "journalTypeId": 44,
            "journalTypeDescription": "Clinical Note",
            "isDeleted": false,
            "isSystem": false
        },
        {
            "journalTypeId": 43,
            "journalTypeDescription": "Email.Stat Rpt.Cancel",
            "isDeleted": false,
            "isSystem": true
        },
        {
            "journalTypeId": 42,
            "journalTypeDescription": "Email.Eval.Note.Cmpt",
            "isDeleted": false,
            "isSystem": true
        },
        {
            "journalTypeId": 41,
            "journalTypeDescription": "Email.Stat.Rpt",
            "isDeleted": false,
            "isSystem": true
        },
        {
            "journalTypeId": 40,
            "journalTypeDescription": "Email.Miss.Visit",
            "isDeleted": false,
            "isSystem": true
        },
        {
            "journalTypeId": 39,
            "journalTypeDescription": "Email.Eval.Visit",
            "isDeleted": false,
            "isSystem": true
        },
        {
            "journalTypeId": 38,
            "journalTypeDescription": "AUTH Added",
            "isDeleted": false,
            "isSystem": true
        },
        {
            "journalTypeId": 37,
            "journalTypeDescription": "RX Added",
            "isDeleted": false,
            "isSystem": true
        },
        {
            "journalTypeId": 36,
            "journalTypeDescription": "Evaluation Confirmation",
            "isDeleted": true,
            "isSystem": false
        },
        {
            "journalTypeId": 35,
            "journalTypeDescription": "Ref. Hold",
            "isDeleted": false,
            "isSystem": true
        },
        {
            "journalTypeId": 34,
            "journalTypeDescription": "File RE Eval",
            "isDeleted": false,
            "isSystem": true
        },
        {
            "journalTypeId": 33,
            "journalTypeDescription": "Missed Visit File",
            "isDeleted": false,
            "isSystem": true
        },
        {
            "journalTypeId": 32,
            "journalTypeDescription": "File New RX",
            "isDeleted": false,
            "isSystem": true
        },
        {
            "journalTypeId": 31,
            "journalTypeDescription": "File Discharge",
            "isDeleted": false,
            "isSystem": true
        },
        {
            "journalTypeId": 30,
            "journalTypeDescription": "File SRA",
            "isDeleted": false,
            "isSystem": true
        },
        {
            "journalTypeId": 29,
            "journalTypeDescription": "File RX",
            "isDeleted": false,
            "isSystem": true
        },
        {
            "journalTypeId": 28,
            "journalTypeDescription": "File Eval",
            "isDeleted": false,
            "isSystem": true
        },
        {
            "journalTypeId": 27,
            "journalTypeDescription": "Ref. Void",
            "isDeleted": false,
            "isSystem": true
        },
        {
            "journalTypeId": 26,
            "journalTypeDescription": "Dr. Contact",
            "isDeleted": false,
            "isSystem": false
        },
        {
            "journalTypeId": 25,
            "journalTypeDescription": "Misc",
            "isDeleted": false,
            "isSystem": false
        },
        {
            "journalTypeId": 24,
            "journalTypeDescription": "Progress Notes ",
            "isDeleted": true,
            "isSystem": false
        },
        {
            "journalTypeId": 23,
            "journalTypeDescription": "Provider Contact",
            "isDeleted": false,
            "isSystem": false
        },
        {
            "journalTypeId": 22,
            "journalTypeDescription": "Patient Contact",
            "isDeleted": false,
            "isSystem": false
        },
        {
            "journalTypeId": 21,
            "journalTypeDescription": "Billed",
            "isDeleted": false,
            "isSystem": true
        },
        {
            "journalTypeId": 20,
            "journalTypeDescription": "Eval Notes",
            "isDeleted": false,
            "isSystem": true
        },
        {
            "journalTypeId": 19,
            "journalTypeDescription": "DR Contact",
            "isDeleted": true,
            "isSystem": true
        },
        {
            "journalTypeId": 18,
            "journalTypeDescription": "CM Contact",
            "isDeleted": false,
            "isSystem": false
        },
        {
            "journalTypeId": 17,
            "journalTypeDescription": "ADJ Contact",
            "isDeleted": false,
            "isSystem": false
        },
        {
            "journalTypeId": 16,
            "journalTypeDescription": "Ref.=> Discharged",
            "isDeleted": false,
            "isSystem": true
        },
        {
            "journalTypeId": 15,
            "journalTypeDescription": "ADJ/CM/DR Contact",
            "isDeleted": true,
            "isSystem": false
        },
        {
            "journalTypeId": 14,
            "journalTypeDescription": "Stat. Rpt Sent",
            "isDeleted": true,
            "isSystem": false
        },
        {
            "journalTypeId": 13,
            "journalTypeDescription": "Ref.=> Closed",
            "isDeleted": false,
            "isSystem": true
        },
        {
            "journalTypeId": 12,
            "journalTypeDescription": "Visit Missed",
            "isDeleted": true,
            "isSystem": false
        },
        {
            "journalTypeId": 11,
            "journalTypeDescription": "Ref. File",
            "isDeleted": false,
            "isSystem": true
        },
        {
            "journalTypeId": 10,
            "journalTypeDescription": "File Visit",
            "isDeleted": false,
            "isSystem": true
        },
        {
            "journalTypeId": 9,
            "journalTypeDescription": "Ref. Spec. Instr.",
            "isDeleted": false,
            "isSystem": true
        },
        {
            "journalTypeId": 8,
            "journalTypeDescription": "Visit Note",
            "isDeleted": true,
            "isSystem": false
        },
        {
            "journalTypeId": 7,
            "journalTypeDescription": "Visit Del.",
            "isDeleted": false,
            "isSystem": true
        },
        {
            "journalTypeId": 6,
            "journalTypeDescription": "Visit Comp.",
            "isDeleted": false,
            "isSystem": true
        },
        {
            "journalTypeId": 5,
            "journalTypeDescription": "Visit Sched.",
            "isDeleted": false,
            "isSystem": true
        },
        {
            "journalTypeId": 4,
            "journalTypeDescription": "Eval Del.",
            "isDeleted": false,
            "isSystem": true
        },
        {
            "journalTypeId": 3,
            "journalTypeDescription": "Eval Comp.",
            "isDeleted": false,
            "isSystem": true
        },
        {
            "journalTypeId": 2,
            "journalTypeDescription": "Eval Sched.",
            "isDeleted": false,
            "isSystem": true
        },
        {
            "journalTypeId": 1,
            "journalTypeDescription": "Ref. Posted",
            "isDeleted": false,
            "isSystem": true
        }
    ]
}